合,1300,1300,8790,名詞,接尾,助数詞,*,*,*,合,ごう,ゴー
廠,1298,1298,10117,名詞,接尾,一般,*,*,*,廠,しょう,ショー
階,1300,1300,8748,名詞,接尾,助数詞,*,*,*,階,かい,カイ
難,1298,1298,8783,名詞,接尾,一般,*,*,*,難,なん,ナン
内,1298,1298,7709,名詞,接尾,一般,*,*,*,内,ない,ナイ
違い,1298,1298,6583,名詞,接尾,一般,*,*,*,違い,ちがい,チガイ
ｈａ,1300,1300,13714,名詞,接尾,助数詞,*,*,*,ｈａ,へくたーる,ヘクタール
近い,1298,1298,10939,名詞,接尾,一般,*,*,*,近い,ちかい,チカイ
クラス,1300,1300,9397,名詞,接尾,助数詞,*,*,*,クラス,くらす,クラス
含み,1298,1298,10736,名詞,接尾,一般,*,*,*,含み,ぶくみ,ブクミ
号棟,1300,1300,9871,名詞,接尾,助数詞,*,*,*,号棟,ごうとう,ゴートー
ミリ,1300,1300,8528,名詞,接尾,助数詞,*,*,*,ミリ,みり,ミリ
ヶ村,1300,1300,8698,名詞,接尾,助数詞,*,*,*,ヶ村,かそん,カソン
ケ国,1300,1300,8619,名詞,接尾,助数詞,*,*,*,ケ国,かこく,カコク
別,1298,1298,7173,名詞,接尾,一般,*,*,*,別,べつ,ベツ
カ村,1300,1300,8698,名詞,接尾,助数詞,*,*,*,カ村,かそん,カソン
倍,1300,1300,8480,名詞,接尾,助数詞,*,*,*,倍,ばい,バイ
盗,1300,1300,10198,名詞,接尾,助数詞,*,*,*,盗,とう,トー
鉢,1300,1300,9852,名詞,接尾,助数詞,*,*,*,鉢,はち,ハチ
次,1298,1298,9247,名詞,接尾,一般,*,*,*,次,じ,ジ
住まい,1298,1298,9578,名詞,接尾,一般,*,*,*,住まい,ずまい,ズマイ
通,1298,1298,7817,名詞,接尾,一般,*,*,*,通,どおり,ドーリ
通,1298,1298,8875,名詞,接尾,一般,*,*,*,通,つう,ツー
付け,1298,1298,8357,名詞,接尾,一般,*,*,*,付け,づけ,ズケ
付け,1298,1298,8945,名詞,接尾,一般,*,*,*,付け,つけ,ツケ
基,1300,1300,11535,名詞,接尾,助数詞,*,*,*,基,き,キ
人,1300,1300,8672,名詞,接尾,助数詞,*,*,*,人,にん,ニン
制,1298,1298,9149,名詞,接尾,一般,*,*,*,制,せい,セイ
祓い,1298,1298,8205,名詞,接尾,一般,*,*,*,祓い,ばらい,バライ
前,1305,1305,10817,名詞,接尾,副詞可能,*,*,*,前,まえ,マエ
係,1298,1298,8383,名詞,接尾,一般,*,*,*,係,がかり,ガカリ
止まり,1298,1298,10019,名詞,接尾,一般,*,*,*,止まり,どまり,ドマリ
術,1298,1298,9760,名詞,接尾,一般,*,*,*,術,じゅつ,ジュツ
膳,1300,1300,10950,名詞,接尾,助数詞,*,*,*,膳,ぜん,ゼン
グループ,1300,1300,12914,名詞,接尾,助数詞,*,*,*,グループ,ぐるーぷ,グループ
訳,1298,1298,7744,名詞,接尾,一般,*,*,*,訳,やく,ヤク
箱,1298,1298,8348,名詞,接尾,一般,*,*,*,箱,ばこ,バコ
墓,1298,1298,10113,名詞,接尾,一般,*,*,*,墓,ぼ,ボ
くん,1302,1302,8037,名詞,接尾,人名,*,*,*,くん,くん,クン
侯,1298,1298,8670,名詞,接尾,一般,*,*,*,侯,こう,コー
暮らし,1298,1298,10131,名詞,接尾,一般,*,*,*,暮らし,ぐらし,グラシ
差し,1298,1298,8744,名詞,接尾,一般,*,*,*,差し,さし,サシ
病,1298,1298,7783,名詞,接尾,一般,*,*,*,病,びょう,ビョー
簿,1298,1298,9082,名詞,接尾,一般,*,*,*,簿,ぼ,ボ
角,1300,1300,12451,名詞,接尾,助数詞,*,*,*,角,かく,カク
都,1303,1303,9428,名詞,接尾,地域,*,*,*,都,と,ト
割,1300,1300,7581,名詞,接尾,助数詞,*,*,*,割,わり,ワリ
歳,1300,1300,8996,名詞,接尾,助数詞,*,*,*,歳,さい,サイ
海里,1300,1300,9872,名詞,接尾,助数詞,*,*,*,海里,かいり,カイリ
代,1298,1298,9503,名詞,接尾,一般,*,*,*,代,だい,ダイ
ゆかり,1298,1298,11627,名詞,接尾,一般,*,*,*,ゆかり,ゆかり,ユカリ
号室,1300,1300,14937,名詞,接尾,助数詞,*,*,*,号室,ごうしつ,ゴーシツ
通い,1298,1298,8022,名詞,接尾,一般,*,*,*,通い,がよい,ガヨイ
枠,1298,1298,6519,名詞,接尾,一般,*,*,*,枠,わく,ワク
人,1298,1298,8979,名詞,接尾,一般,*,*,*,人,じん,ジン
人,1298,1298,10851,名詞,接尾,一般,*,*,*,人,にん,ニン
人,1298,1298,14995,名詞,接尾,一般,*,*,*,人,ひと,ヒト
隅,1298,1298,8077,名詞,接尾,一般,*,*,*,隅,すみ,スミ
草,1298,1298,10565,名詞,接尾,一般,*,*,*,草,そう,ソー
債,1298,1298,9823,名詞,接尾,一般,*,*,*,債,さい,サイ
回線,1300,1300,7066,名詞,接尾,助数詞,*,*,*,回線,かいせん,カイセン
選,1300,1300,16366,名詞,接尾,助数詞,*,*,*,選,せん,セン
者,1298,1298,7258,名詞,接尾,一般,*,*,*,者,しゃ,シャ
者,1298,1298,11575,名詞,接尾,一般,*,*,*,者,もの,モノ
場,1298,1298,9004,名詞,接尾,一般,*,*,*,場,じょう,ジョー
場,1298,1298,11115,名詞,接尾,一般,*,*,*,場,ば,バ
ダイン,1300,1300,8708,名詞,接尾,助数詞,*,*,*,ダイン,だいん,ダイン
室,1298,1298,6965,名詞,接尾,一般,*,*,*,室,しつ,シツ
部,1300,1300,11098,名詞,接尾,助数詞,*,*,*,部,ぶ,ブ
粒,1300,1300,9990,名詞,接尾,助数詞,*,*,*,粒,つぶ,ツブ
スイスフラン,1300,1300,8677,名詞,接尾,助数詞,*,*,*,スイスフラン,すいすふらん,スイスフラン
乗り,1298,1298,8707,名詞,接尾,一般,*,*,*,乗り,のり,ノリ
回り,1298,1298,10893,名詞,接尾,一般,*,*,*,回り,まわり,マワリ
メートル,1300,1300,7928,名詞,接尾,助数詞,*,*,*,メートル,めーとる,メートル
邸,1298,1298,8502,名詞,接尾,一般,*,*,*,邸,てい,テイ
点,1298,1298,9106,名詞,接尾,一般,*,*,*,点,てん,テン
っ放し,1298,1298,9260,名詞,接尾,一般,*,*,*,っ放し,っぱなし,ッパナシ
ＯＦＦ,1298,1298,11509,名詞,接尾,一般,*,*,*,ＯＦＦ,おふ,オフ
割り,1298,1298,8311,名詞,接尾,一般,*,*,*,割り,わり,ワリ
町,1303,1303,8304,名詞,接尾,地域,*,*,*,町,まち,マチ
町,1303,1303,8550,名詞,接尾,地域,*,*,*,町,ちょう,チョー
ｍｈｚ,1300,1300,13707,名詞,接尾,助数詞,*,*,*,ｍｈｚ,めがへるつ,メガヘルツ
店,1298,1298,8912,名詞,接尾,一般,*,*,*,店,てん,テン
下,1298,1298,8675,名詞,接尾,一般,*,*,*,下,か,カ
下,1298,1298,10524,名詞,接尾,一般,*,*,*,下,した,シタ
下,1298,1298,13816,名詞,接尾,一般,*,*,*,下,げ,ゲ
版,1300,1300,10512,名詞,接尾,助数詞,*,*,*,版,はん,ハン
便,1298,1298,7838,名詞,接尾,一般,*,*,*,便,びん,ビン
曲,1300,1300,9721,名詞,接尾,助数詞,*,*,*,曲,きょく,キョク
ガエル,1298,1298,8768,名詞,接尾,一般,*,*,*,ガエル,がえる,ガエル
源,1298,1298,8668,名詞,接尾,一般,*,*,*,源,げん,ゲン
変わり,1298,1298,11286,名詞,接尾,一般,*,*,*,変わり,がわり,ガワリ
美,1298,1298,10545,名詞,接尾,一般,*,*,*,美,び,ビ
カ月,1300,1300,11549,名詞,接尾,助数詞,*,*,*,カ月,かげつ,カゲツ
毎,1298,1298,9307,名詞,接尾,一般,*,*,*,毎,ごと,ゴト
対,1300,1300,13774,名詞,接尾,助数詞,*,*,*,対,つい,ツイ
ｖ,1300,1300,13719,名詞,接尾,助数詞,*,*,*,ｖ,ぼると,ボルト
展,1298,1298,8592,名詞,接尾,一般,*,*,*,展,てん,テン
射,1300,1300,10090,名詞,接尾,助数詞,*,*,*,射,しゃ,シャ
沢山,1298,1298,8265,名詞,接尾,一般,*,*,*,沢山,だくさん,ダクサン
曲,1298,1298,8310,名詞,接尾,一般,*,*,*,曲,きょく,キョク
リンギ,1300,1300,8698,名詞,接尾,助数詞,*,*,*,リンギ,りんぎ,リンギ
勝,1300,1300,9967,名詞,接尾,助数詞,*,*,*,勝,しょう,ショー
戦,1300,1300,11345,名詞,接尾,助数詞,*,*,*,戦,せん,セン
判,1298,1298,8891,名詞,接尾,一般,*,*,*,判,ばん,バン
ナノ,1300,1300,8726,名詞,接尾,助数詞,*,*,*,ナノ,なの,ナノ
頭,1300,1300,9014,名詞,接尾,助数詞,*,*,*,頭,とう,トー
セン,1298,1298,10271,名詞,接尾,一般,*,*,*,セン,せん,セン
ヶ所,1300,1300,8879,名詞,接尾,助数詞,*,*,*,ヶ所,かしょ,カショ
門,1298,1298,8493,名詞,接尾,一般,*,*,*,門,もん,モン
研,1298,1298,9676,名詞,接尾,一般,*,*,*,研,けん,ケン
がい,1298,1298,11000,名詞,接尾,一般,*,*,*,がい,がい,ガイ
ｋｂ,1300,1300,13714,名詞,接尾,助数詞,*,*,*,ｋｂ,きろばいと,キロバイト
味,1298,1298,9019,名詞,接尾,一般,*,*,*,味,み,ミ
味,1298,1298,9456,名詞,接尾,一般,*,*,*,味,あじ,アジ
腫,1298,1298,8995,名詞,接尾,一般,*,*,*,腫,しゅ,シュ
買,1298,1298,9172,名詞,接尾,一般,*,*,*,買,がい,ガイ
買,1298,1298,9525,名詞,接尾,一般,*,*,*,買,かい,カイ
Ｆ,1300,1300,17397,名詞,接尾,助数詞,*,*,*,Ｆ,えふ,エフ
取り,1298,1298,9379,名詞,接尾,一般,*,*,*,取り,とり,トリ
取り,1298,1298,10985,名詞,接尾,一般,*,*,*,取り,どり,ドリ
客,1300,1300,11305,名詞,接尾,助数詞,*,*,*,客,きゃく,キャク
盤,1298,1298,9682,名詞,接尾,一般,*,*,*,盤,ばん,バン
さま,1302,1302,7517,名詞,接尾,人名,*,*,*,さま,さま,サマ
団,1300,1300,10599,名詞,接尾,助数詞,*,*,*,団,だん,ダン
臭,1298,1298,7840,名詞,接尾,一般,*,*,*,臭,しゅう,シュー
臭,1298,1298,9882,名詞,接尾,一般,*,*,*,臭,におい,ニオイ
的,1299,1299,4708,名詞,接尾,形容動詞語幹,*,*,*,的,てき,テキ
派,1300,1300,13271,名詞,接尾,助数詞,*,*,*,派,は,ハ
艇,1300,1300,10918,名詞,接尾,助数詞,*,*,*,艇,てい,テイ
州,1303,1303,10593,名詞,接尾,地域,*,*,*,州,しゅう,シュー
号,1300,1300,19888,名詞,接尾,助数詞,*,*,*,号,ごう,ゴー
砲,1298,1298,7543,名詞,接尾,一般,*,*,*,砲,ほう,ホー
糸,1298,1298,8707,名詞,接尾,一般,*,*,*,糸,いと,イト
がら,1298,1298,11869,名詞,接尾,一般,*,*,*,がら,がら,ガラ
当り,1298,1298,8144,名詞,接尾,一般,*,*,*,当り,あたり,アタリ
キロバイト,1300,1300,8698,名詞,接尾,助数詞,*,*,*,キロバイト,きろばいと,キロバイト
床,1300,1300,11890,名詞,接尾,助数詞,*,*,*,床,しょう,ショー
っぷり,1304,1304,10000,名詞,接尾,特殊,*,*,*,っぷり,っぷり,ップリ
服,1298,1298,10242,名詞,接尾,一般,*,*,*,服,ふく,フク
類,1298,1298,8518,名詞,接尾,一般,*,*,*,類,るい,ルイ
面,1300,1300,12184,名詞,接尾,助数詞,*,*,*,面,めん,メン
死,1297,1297,8371,名詞,接尾,サ変接続,*,*,*,死,し,シ
立方センチメートル,1300,1300,9872,名詞,接尾,助数詞,*,*,*,立方センチメートル,りっぽうせんちめーとる,リッポーセンチメートル
署,1298,1298,6511,名詞,接尾,一般,*,*,*,署,しょ,ショ
本立て,1300,1300,12091,名詞,接尾,助数詞,*,*,*,本立て,ほんだて,ホンダテ
音,1298,1298,9630,名詞,接尾,一般,*,*,*,音,おん,オン
幕,1300,1300,12616,名詞,接尾,助数詞,*,*,*,幕,まく,マク
ヵ年,1300,1300,8698,名詞,接尾,助数詞,*,*,*,ヵ年,かねん,カネン
乞い,1298,1298,8268,名詞,接尾,一般,*,*,*,乞い,ごい,ゴイ
メーカー,1300,1300,9745,名詞,接尾,助数詞,*,*,*,メーカー,めーかー,メーカー
薬,1298,1298,9010,名詞,接尾,一般,*,*,*,薬,やく,ヤク
薬,1298,1298,9926,名詞,接尾,一般,*,*,*,薬,ぐすり,グスリ
周忌,1300,1300,9039,名詞,接尾,助数詞,*,*,*,周忌,しゅうき,シューキ
皿,1300,1300,9671,名詞,接尾,助数詞,*,*,*,皿,さら,サラ
山,1300,1300,13794,名詞,接尾,助数詞,*,*,*,山,やま,ヤマ
ヘクトパスカル,1300,1300,8696,名詞,接尾,助数詞,*,*,*,ヘクトパスカル,へくとぱすかる,ヘクトパスカル
拍,1300,1300,10611,名詞,接尾,助数詞,*,*,*,拍,はく,ハク
セント,1300,1300,8901,名詞,接尾,助数詞,*,*,*,セント,せんと,セント
号館,1300,1300,10004,名詞,接尾,助数詞,*,*,*,号館,ごうかん,ゴーカン
学,1298,1298,8470,名詞,接尾,一般,*,*,*,学,がく,ガク
説,1298,1298,10010,名詞,接尾,一般,*,*,*,説,せつ,セツ
ギガバイト,1300,1300,8698,名詞,接尾,助数詞,*,*,*,ギガバイト,ぎがばいと,ギガバイト
首,1300,1300,10257,名詞,接尾,助数詞,*,*,*,首,しゅ,シュ
庁,1298,1298,11620,名詞,接尾,一般,*,*,*,庁,ちょう,チョー
Ｍ,1300,1300,15006,名詞,接尾,助数詞,*,*,*,Ｍ,めが,メガ
記,1298,1298,11791,名詞,接尾,一般,*,*,*,記,き,キ
報,1300,1300,12456,名詞,接尾,助数詞,*,*,*,報,ほう,ホー
坪,1300,1300,10139,名詞,接尾,助数詞,*,*,*,坪,つぼ,ツボ
ヘルツ,1300,1300,8735,名詞,接尾,助数詞,*,*,*,ヘルツ,へるつ,ヘルツ
光,1298,1298,9278,名詞,接尾,一般,*,*,*,光,こう,コー
協,1298,1298,8160,名詞,接尾,一般,*,*,*,協,きょう,キョー
ソル,1300,1300,8966,名詞,接尾,助数詞,*,*,*,ソル,そる,ソル
銭,1300,1300,10897,名詞,接尾,助数詞,*,*,*,銭,せん,セン
沼,1298,1298,9912,名詞,接尾,一般,*,*,*,沼,ぬま,ヌマ
馬,1298,1298,10082,名詞,接尾,一般,*,*,*,馬,ば,バ
冠,1300,1300,10581,名詞,接尾,助数詞,*,*,*,冠,かん,カン
糎,1300,1300,9872,名詞,接尾,助数詞,*,*,*,糎,せんちめーとる,センチメートル
打ち,1298,1298,10935,名詞,接尾,一般,*,*,*,打ち,うち,ウチ
主,1298,1298,10558,名詞,接尾,一般,*,*,*,主,ぬし,ヌシ
主,1298,1298,11017,名詞,接尾,一般,*,*,*,主,しゅ,シュ
校,1300,1300,10805,名詞,接尾,助数詞,*,*,*,校,こう,コー
雨,1298,1298,7456,名詞,接尾,一般,*,*,*,雨,う,ウ
同然,1299,1299,6795,名詞,接尾,形容動詞語幹,*,*,*,同然,どうぜん,ドーゼン
だこ,1298,1298,10356,名詞,接尾,一般,*,*,*,だこ,だこ,ダコ
歩,1300,1300,10974,名詞,接尾,助数詞,*,*,*,歩,ほ,ホ
通り,1298,1298,6784,名詞,接尾,一般,*,*,*,通り,どおり,ドーリ
桁,1300,1300,9873,名詞,接尾,助数詞,*,*,*,桁,けた,ケタ
匁,1300,1300,9872,名詞,接尾,助数詞,*,*,*,匁,もんめ,モンメ
くず,1298,1298,9314,名詞,接尾,一般,*,*,*,くず,くず,クズ
羽,1300,1300,10133,名詞,接尾,助数詞,*,*,*,羽,わ,ワ
羽,1300,1300,13501,名詞,接尾,助数詞,*,*,*,羽,ば,バ
カナダドル,1300,1300,8677,名詞,接尾,助数詞,*,*,*,カナダドル,かなだどる,カナダドル
落ち,1298,1298,6199,名詞,接尾,一般,*,*,*,落ち,おち,オチ
岸,1298,1298,10571,名詞,接尾,一般,*,*,*,岸,がん,ガン
ミリアンペア,1300,1300,8698,名詞,接尾,助数詞,*,*,*,ミリアンペア,みりあんぺあ,ミリアンペア
造り,1298,1298,7946,名詞,接尾,一般,*,*,*,造り,づくり,ズクリ
弱,1298,1298,7521,名詞,接尾,一般,*,*,*,弱,じゃく,ジャク
あて,1298,1298,8775,名詞,接尾,一般,*,*,*,あて,あて,アテ
速,1298,1298,8845,名詞,接尾,一般,*,*,*,速,そく,ソク
線,1298,1298,7761,名詞,接尾,一般,*,*,*,線,せん,セン
モル,1300,1300,8698,名詞,接尾,助数詞,*,*,*,モル,もる,モル
工,1298,1298,10037,名詞,接尾,一般,*,*,*,工,こう,コー
句,1300,1300,12725,名詞,接尾,助数詞,*,*,*,句,く,ク
帖,1300,1300,10837,名詞,接尾,助数詞,*,*,*,帖,じょう,ジョー
ペニヒ,1300,1300,8698,名詞,接尾,助数詞,*,*,*,ペニヒ,ぺにひ,ペニヒ
ざかり,1298,1298,9224,名詞,接尾,一般,*,*,*,ざかり,ざかり,ザカリ
財,1298,1298,10070,名詞,接尾,一般,*,*,*,財,ざい,ザイ
達,1298,1298,7485,名詞,接尾,一般,*,*,*,達,たち,タチ
返し,1298,1298,9193,名詞,接尾,一般,*,*,*,返し,がえし,ガエシ
反,1300,1300,13400,名詞,接尾,助数詞,*,*,*,反,たん,タン
じゅう,1298,1298,9378,名詞,接尾,一般,*,*,*,じゅう,じゅう,ジュー
込み,1298,1298,9165,名詞,接尾,一般,*,*,*,込み,こみ,コミ
岳,1298,1298,8161,名詞,接尾,一般,*,*,*,岳,だけ,ダケ
センチ,1300,1300,6860,名詞,接尾,助数詞,*,*,*,センチ,せんち,センチ
週,1298,1298,10804,名詞,接尾,一般,*,*,*,週,しゅう,シュー
器,1298,1298,8956,名詞,接尾,一般,*,*,*,器,き,キ
ｄｂ,1300,1300,13714,名詞,接尾,助数詞,*,*,*,ｄｂ,でしべる,デシベル
声,1298,1298,8610,名詞,接尾,一般,*,*,*,声,ごえ,ゴエ
声,1298,1298,10730,名詞,接尾,一般,*,*,*,声,こえ,コエ
痛,1298,1298,7549,名詞,接尾,一般,*,*,*,痛,つう,ツー
ぶり,1304,1304,11899,名詞,接尾,特殊,*,*,*,ぶり,ぶり,ブリ
揚げ,1298,1298,9666,名詞,接尾,一般,*,*,*,揚げ,あげ,アゲ
次,1300,1300,9917,名詞,接尾,助数詞,*,*,*,次,じ,ジ
なみ,1298,1298,9386,名詞,接尾,一般,*,*,*,なみ,なみ,ナミ
用,1298,1298,9050,名詞,接尾,一般,*,*,*,用,よう,ヨー
篇,1300,1300,10404,名詞,接尾,助数詞,*,*,*,篇,へん,ヘン
アンペア,1300,1300,8970,名詞,接尾,助数詞,*,*,*,アンペア,あんぺあ,アンペア
デシリットル,1300,1300,8698,名詞,接尾,助数詞,*,*,*,デシリットル,でしりっとる,デシリットル
びたり,1298,1298,9254,名詞,接尾,一般,*,*,*,びたり,びたり,ビタリ
ミクロン,1300,1300,8698,名詞,接尾,助数詞,*,*,*,ミクロン,みくろん,ミクロン
編,1300,1300,10789,名詞,接尾,助数詞,*,*,*,編,へん,ヘン
図,1298,1298,8579,名詞,接尾,一般,*,*,*,図,ず,ズ
がけ,1298,1298,10421,名詞,接尾,一般,*,*,*,がけ,がけ,ガケ
区間,1298,1298,11071,名詞,接尾,一般,*,*,*,区間,くかん,クカン
とおり,1300,1300,12306,名詞,接尾,助数詞,*,*,*,とおり,とおり,トーリ
ｈｚ,1300,1300,13722,名詞,接尾,助数詞,*,*,*,ｈｚ,へるつ,ヘルツ
高,1298,1298,6318,名詞,接尾,一般,*,*,*,高,だか,ダカ
高,1298,1298,7249,名詞,接尾,一般,*,*,*,高,こう,コー
夜,1300,1300,11643,名詞,接尾,助数詞,*,*,*,夜,や,ヤ
夜,1300,1300,13782,名詞,接尾,助数詞,*,*,*,夜,よ,ヨ
ぎみ,1298,1298,9077,名詞,接尾,一般,*,*,*,ぎみ,ぎみ,ギミ
減,1298,1298,8544,名詞,接尾,一般,*,*,*,減,げん,ゲン
米,1298,1298,7019,名詞,接尾,一般,*,*,*,米,まい,マイ
米,1298,1298,11438,名詞,接尾,一般,*,*,*,米,ごめ,ゴメ
Ｇ,1300,1300,15337,名詞,接尾,助数詞,*,*,*,Ｇ,ぎが,ギガ
課,1298,1298,7675,名詞,接尾,一般,*,*,*,課,か,カ
券,1298,1298,9200,名詞,接尾,一般,*,*,*,券,けん,ケン
賃,1298,1298,10097,名詞,接尾,一般,*,*,*,賃,ちん,チン
組,1300,1300,9483,名詞,接尾,助数詞,*,*,*,組,くみ,クミ
差,1298,1298,8247,名詞,接尾,一般,*,*,*,差,さ,サ
キロワット時,1300,1300,8622,名詞,接尾,助数詞,*,*,*,キロワット時,きろわっとじ,キロワットジ
がわら,1298,1298,9254,名詞,接尾,一般,*,*,*,がわら,がわら,ガワラ
額,1298,1298,8010,名詞,接尾,一般,*,*,*,額,がく,ガク
損,1298,1298,9530,名詞,接尾,一般,*,*,*,損,そん,ソン
教,1298,1298,9749,名詞,接尾,一般,*,*,*,教,きょう,キョー
楽,1298,1298,10324,名詞,接尾,一般,*,*,*,楽,らく,ラク
肥え,1298,1298,8574,名詞,接尾,一般,*,*,*,肥え,ごえ,ゴエ
採り,1298,1298,8513,名詞,接尾,一般,*,*,*,採り,とり,トリ
増,1298,1298,6828,名詞,接尾,一般,*,*,*,増,ぞう,ゾー
日,1300,1300,7930,名詞,接尾,助数詞,*,*,*,日,にち,ニチ
扱い,1298,1298,11609,名詞,接尾,一般,*,*,*,扱い,あつかい,アツカイ
体,1300,1300,12041,名詞,接尾,助数詞,*,*,*,体,たい,タイ
箇国,1300,1300,9794,名詞,接尾,助数詞,*,*,*,箇国,かこく,カコク
碑,1298,1298,8188,名詞,接尾,一般,*,*,*,碑,ひ,ヒ
史,1298,1298,7626,名詞,接尾,一般,*,*,*,史,し,シ
ヶ条,1300,1300,8698,名詞,接尾,助数詞,*,*,*,ヶ条,かじょう,カジョー
ｋｔ,1300,1300,13700,名詞,接尾,助数詞,*,*,*,ｋｔ,きろとん,キロトン
シーン,1298,1298,10311,名詞,接尾,一般,*,*,*,シーン,しーん,シーン
回分,1300,1300,9233,名詞,接尾,助数詞,*,*,*,回分,かいぶん,カイブン
タル,1300,1300,8758,名詞,接尾,助数詞,*,*,*,タル,たる,タル
端,1298,1298,9889,名詞,接尾,一般,*,*,*,端,たん,タン
端,1298,1298,9989,名詞,接尾,一般,*,*,*,端,ばた,バタ
島,1303,1303,10074,名詞,接尾,地域,*,*,*,島,とう,トー
島,1303,1303,11686,名詞,接尾,地域,*,*,*,島,じま,ジマ
ｇ,1300,1300,13736,名詞,接尾,助数詞,*,*,*,ｇ,ぐらむ,グラム
没,1298,1298,8288,名詞,接尾,一般,*,*,*,没,ぼつ,ボツ
毛,1300,1300,10749,名詞,接尾,助数詞,*,*,*,毛,もう,モー
未遂,1298,1298,12376,名詞,接尾,一般,*,*,*,未遂,みすい,ミスイ
道,1298,1298,9354,名詞,接尾,一般,*,*,*,道,どう,ドー
橋,1300,1300,9975,名詞,接尾,助数詞,*,*,*,橋,きょう,キョー
塔,1298,1298,7794,名詞,接尾,一般,*,*,*,塔,とう,トー
切れ,1298,1298,9691,名詞,接尾,一般,*,*,*,切れ,ぎれ,ギレ
切れ,1298,1298,10949,名詞,接尾,一般,*,*,*,切れ,きれ,キレ
開き,1298,1298,8145,名詞,接尾,一般,*,*,*,開き,びらき,ビラキ
骨,1298,1298,9125,名詞,接尾,一般,*,*,*,骨,こつ,コツ
骨,1298,1298,8686,名詞,接尾,一般,*,*,*,骨,ぼね,ボネ
トライ,1300,1300,8705,名詞,接尾,助数詞,*,*,*,トライ,とらい,トライ
切れ,1300,1300,12056,名詞,接尾,助数詞,*,*,*,切れ,きれ,キレ
痕,1298,1298,8796,名詞,接尾,一般,*,*,*,痕,こん,コン
使い,1298,1298,8602,名詞,接尾,一般,*,*,*,使い,づかい,ズカイ
待ち,1298,1298,9032,名詞,接尾,一般,*,*,*,待ち,まち,マチ
行,1303,1303,12355,名詞,接尾,地域,*,*,*,行,いき,イキ
行,1303,1303,12024,名詞,接尾,地域,*,*,*,行,ゆき,ユキ
中,1305,1305,7480,名詞,接尾,副詞可能,*,*,*,中,ちゅう,チュー
中,1305,1305,9884,名詞,接尾,副詞可能,*,*,*,中,じゅう,ジュー
中,1305,1305,13417,名詞,接尾,副詞可能,*,*,*,中,なか,ナカ
ルクス,1300,1300,8698,名詞,接尾,助数詞,*,*,*,ルクス,るくす,ルクス
前後,1305,1305,8933,名詞,接尾,副詞可能,*,*,*,前後,ぜんこう,ゼンコー
技,1298,1298,8658,名詞,接尾,一般,*,*,*,技,わざ,ワザ
技,1298,1298,10748,名詞,接尾,一般,*,*,*,技,ぎ,ギ
計,1298,1298,10775,名詞,接尾,一般,*,*,*,計,けい,ケイ
価,1298,1298,11238,名詞,接尾,一般,*,*,*,価,か,カ
パスカル,1300,1300,8699,名詞,接尾,助数詞,*,*,*,パスカル,ぱすかる,パスカル
敗,1300,1300,9509,名詞,接尾,助数詞,*,*,*,敗,はい,ハイ
滴,1300,1300,10316,名詞,接尾,助数詞,*,*,*,滴,てき,テキ
亭,1298,1298,10039,名詞,接尾,一般,*,*,*,亭,てい,テイ
えん,1300,1300,12254,名詞,接尾,助数詞,*,*,*,えん,えん,エン
竿,1300,1300,9871,名詞,接尾,助数詞,*,*,*,竿,さお,サオ
府,1303,1303,11202,名詞,接尾,地域,*,*,*,府,ふ,フ
薄,1298,1298,8503,名詞,接尾,一般,*,*,*,薄,うす,ウス
枕,1298,1298,8318,名詞,接尾,一般,*,*,*,枕,まくら,マクラ
いっぱい,1305,1305,8348,名詞,接尾,副詞可能,*,*,*,いっぱい,いっぱい,イッパイ
続き,1298,1298,10827,名詞,接尾,一般,*,*,*,続き,つづき,ツズキ
筋,1300,1300,11673,名詞,接尾,助数詞,*,*,*,筋,すじ,スジ
オンス,1300,1300,8699,名詞,接尾,助数詞,*,*,*,オンス,おんす,オンス
村,1303,1303,8707,名詞,接尾,地域,*,*,*,村,むら,ムラ
村,1303,1303,13580,名詞,接尾,地域,*,*,*,村,そん,ソン
社,1298,1298,8683,名詞,接尾,一般,*,*,*,社,しゃ,シャ
巡,1300,1300,10207,名詞,接尾,助数詞,*,*,*,巡,じゅん,ジュン
ＤＯ,1300,1300,14661,名詞,接尾,助数詞,*,*,*,ＤＯ,でぃーおー,ディーオー
瓶,1300,1300,10200,名詞,接尾,助数詞,*,*,*,瓶,びん,ビン
嫌い,1298,1298,8915,名詞,接尾,一般,*,*,*,嫌い,ぎらい,ギライ
職,1298,1298,10561,名詞,接尾,一般,*,*,*,職,しょく,ショク
塗り,1298,1298,7657,名詞,接尾,一般,*,*,*,塗り,ぬり,ヌリ
がかり,1298,1298,9175,名詞,接尾,一般,*,*,*,がかり,がかり,ガカリ
年度,1300,1300,7871,名詞,接尾,助数詞,*,*,*,年度,ねんど,ネンド
気,1299,1299,10486,名詞,接尾,形容動詞語幹,*,*,*,気,げ,ゲ
シンガポールドル,1300,1300,6571,名詞,接尾,助数詞,*,*,*,シンガポールドル,しんがぽーるどる,シンガポールドル
メガ,1300,1300,9297,名詞,接尾,助数詞,*,*,*,メガ,めが,メガ
束,1300,1300,10193,名詞,接尾,助数詞,*,*,*,束,たば,タバ
峠,1298,1298,8048,名詞,接尾,一般,*,*,*,峠,とうげ,トーゲ
樹,1298,1298,8856,名詞,接尾,一般,*,*,*,樹,じゅ,ジュ
域,1298,1298,10108,名詞,接尾,一般,*,*,*,域,いき,イキ
答,1300,1300,8720,名詞,接尾,助数詞,*,*,*,答,とう,トー
米,1300,1300,12641,名詞,接尾,助数詞,*,*,*,米,めーとる,メートル
報,1298,1298,10544,名詞,接尾,一般,*,*,*,報,ほう,ホー
番,1298,1298,10877,名詞,接尾,一般,*,*,*,番,ばん,バン
ウオン,1300,1300,8697,名詞,接尾,助数詞,*,*,*,ウオン,うおん,ウオン
以遠,1298,1298,8235,名詞,接尾,一般,*,*,*,以遠,いえん,イエン
ｍＷ,1300,1300,13714,名詞,接尾,助数詞,*,*,*,ｍＷ,みりわっと,ミリワット
役,1300,1300,11193,名詞,接尾,助数詞,*,*,*,役,やく,ヤク
元,1300,1300,11887,名詞,接尾,助数詞,*,*,*,元,げん,ゲン
打,1300,1300,11713,名詞,接尾,助数詞,*,*,*,打,だ,ダ
盛り,1298,1298,8255,名詞,接尾,一般,*,*,*,盛り,ざかり,ザカリ
盛り,1298,1298,8643,名詞,接尾,一般,*,*,*,盛り,もり,モリ
たたき,1298,1298,11246,名詞,接尾,一般,*,*,*,たたき,たたき,タタキ
ＧＢ,1300,1300,13718,名詞,接尾,助数詞,*,*,*,ＧＢ,ぎがばいと,ギガバイト
ぶろ,1298,1298,5760,名詞,接尾,一般,*,*,*,ぶろ,ぶろ,ブロ
ぞい,1298,1298,9028,名詞,接尾,一般,*,*,*,ぞい,ぞい,ゾイ
Ｍヘルツ,1300,1300,13707,名詞,接尾,助数詞,*,*,*,Ｍヘルツ,めがへるつ,メガヘルツ
ルーブル,1300,1300,9064,名詞,接尾,助数詞,*,*,*,ルーブル,るーぶる,ルーブル
次元,1300,1300,8908,名詞,接尾,助数詞,*,*,*,次元,じげん,ジゲン
すぎ,1305,1305,7635,名詞,接尾,副詞可能,*,*,*,すぎ,すぎ,スギ
省,1298,1298,11249,名詞,接尾,一般,*,*,*,省,しょう,ショー
リッター,1300,1300,8707,名詞,接尾,助数詞,*,*,*,リッター,りったー,リッター
寸,1300,1300,10868,名詞,接尾,助数詞,*,*,*,寸,すん,スン
刷り,1298,1298,7455,名詞,接尾,一般,*,*,*,刷り,ずり,ズリ
格,1298,1298,11207,名詞,接尾,一般,*,*,*,格,かく,カク
周年,1300,1300,9126,名詞,接尾,助数詞,*,*,*,周年,しゅうねん,シューネン
朝,1298,1298,12452,名詞,接尾,一般,*,*,*,朝,ちょう,チョー
勺,1300,1300,9516,名詞,接尾,助数詞,*,*,*,勺,しゃく,シャク
だらけ,1298,1298,8911,名詞,接尾,一般,*,*,*,だらけ,だらけ,ダラケ
がち,1299,1299,8497,名詞,接尾,形容動詞語幹,*,*,*,がち,がち,ガチ
リラ,1300,1300,8702,名詞,接尾,助数詞,*,*,*,リラ,りら,リラ
様,1302,1302,7156,名詞,接尾,人名,*,*,*,様,さま,サマ
あまり,1298,1298,8005,名詞,接尾,一般,*,*,*,あまり,あまり,アマリ
槽,1298,1298,9445,名詞,接尾,一般,*,*,*,槽,そう,ソー
チャン,1302,1302,6793,名詞,接尾,人名,*,*,*,チャン,ちゃん,チャン
平方キロメートル,1300,1300,9855,名詞,接尾,助数詞,*,*,*,平方キロメートル,へいほうきろめーとる,ヘイホーキロメートル
筋,1298,1298,8910,名詞,接尾,一般,*,*,*,筋,すじ,スジ
筋,1298,1298,11122,名詞,接尾,一般,*,*,*,筋,きん,キン
子,1298,1298,11717,名詞,接尾,一般,*,*,*,子,こ,コ
漏れ,1298,1298,7210,名詞,接尾,一般,*,*,*,漏れ,もれ,モレ
買い,1298,1298,9881,名詞,接尾,一般,*,*,*,買い,かい,カイ
買い,1298,1298,10821,名詞,接尾,一般,*,*,*,買い,がい,ガイ
構え,1298,1298,6841,名詞,接尾,一般,*,*,*,構え,がまえ,ガマエ
ＣＣ,1300,1300,17911,名詞,接尾,助数詞,*,*,*,ＣＣ,しーしー,シーシー
軒,1300,1300,9080,名詞,接尾,助数詞,*,*,*,軒,けん,ケン
権,1298,1298,8697,名詞,接尾,一般,*,*,*,権,けん,ケン
楼,1298,1298,8446,名詞,接尾,一般,*,*,*,楼,ろう,ロー
派,1298,1298,9536,名詞,接尾,一般,*,*,*,派,は,ハ
級,1300,1300,11551,名詞,接尾,助数詞,*,*,*,級,きゅう,キュー
ｋバイト,1300,1300,13714,名詞,接尾,助数詞,*,*,*,ｋバイト,きろばいと,キロバイト
ケタ,1300,1300,8298,名詞,接尾,助数詞,*,*,*,ケタ,けた,ケタ
初,1298,1298,10361,名詞,接尾,一般,*,*,*,初,はつ,ハツ
神,1298,1298,10286,名詞,接尾,一般,*,*,*,神,しん,シン
唄,1298,1298,6737,名詞,接尾,一般,*,*,*,唄,うた,ウタ
給,1298,1298,8790,名詞,接尾,一般,*,*,*,給,きゅう,キュー
課,1300,1300,9075,名詞,接尾,助数詞,*,*,*,課,か,カ
芸,1298,1298,9840,名詞,接尾,一般,*,*,*,芸,げい,ゲイ
能,1298,1298,12610,名詞,接尾,一般,*,*,*,能,のう,ノー
バッグ,1300,1300,8671,名詞,接尾,助数詞,*,*,*,バッグ,ばっぐ,バッグ
品,1300,1300,12499,名詞,接尾,助数詞,*,*,*,品,ひん,ヒン
品,1300,1300,13514,名詞,接尾,助数詞,*,*,*,品,しな,シナ
酔い,1298,1298,8898,名詞,接尾,一般,*,*,*,酔い,よい,ヨイ
程度,1298,1298,7710,名詞,接尾,一般,*,*,*,程度,ていど,テイド
語,1300,1300,10982,名詞,接尾,助数詞,*,*,*,語,ご,ゴ
号機,1300,1300,9805,名詞,接尾,助数詞,*,*,*,号機,ごうき,ゴーキ
末,1305,1305,6233,名詞,接尾,副詞可能,*,*,*,末,まつ,マツ
末,1305,1305,8211,名詞,接尾,副詞可能,*,*,*,末,すえ,スエ
上,1305,1305,7047,名詞,接尾,副詞可能,*,*,*,上,じょう,ジョー
行き,1303,1303,7128,名詞,接尾,地域,*,*,*,行き,いき,イキ
行き,1303,1303,9175,名詞,接尾,地域,*,*,*,行き,ゆき,ユキ
刑,1298,1298,10065,名詞,接尾,一般,*,*,*,刑,けい,ケイ
策,1298,1298,10030,名詞,接尾,一般,*,*,*,策,さく,サク
下げ,1298,1298,9145,名詞,接尾,一般,*,*,*,下げ,さげ,サゲ
つき,1298,1298,8879,名詞,接尾,一般,*,*,*,つき,つき,ツキ
デー,1298,1298,8889,名詞,接尾,一般,*,*,*,デー,でー,デー
ｋｇ,1300,1300,13709,名詞,接尾,助数詞,*,*,*,ｋｇ,きろぐらむ,キログラム
代目,1300,1300,9649,名詞,接尾,助数詞,*,*,*,代目,だいめ,ダイメ
カラット,1300,1300,8549,名詞,接尾,助数詞,*,*,*,カラット,からっと,カラット
ｋヘルツ,1300,1300,13714,名詞,接尾,助数詞,*,*,*,ｋヘルツ,きろへるつ,キロヘルツ
あたり,1298,1298,8266,名詞,接尾,一般,*,*,*,あたり,あたり,アタリ
帽,1298,1298,8337,名詞,接尾,一般,*,*,*,帽,ぼう,ボー
汁,1298,1298,8014,名詞,接尾,一般,*,*,*,汁,じる,ジル
以後,1305,1305,7071,名詞,接尾,副詞可能,*,*,*,以後,いご,イゴ
向き,1298,1298,8468,名詞,接尾,一般,*,*,*,向き,むき,ムキ
選び,1298,1298,11416,名詞,接尾,一般,*,*,*,選び,えらび,エラビ
ごと,1298,1298,7982,名詞,接尾,一般,*,*,*,ごと,ごと,ゴト
ビット,1300,1300,8617,名詞,接尾,助数詞,*,*,*,ビット,びっと,ビット
キロトン,1300,1300,8567,名詞,接尾,助数詞,*,*,*,キロトン,きろとん,キロトン
画,1300,1300,12038,名詞,接尾,助数詞,*,*,*,画,かく,カク
番,1300,1300,10646,名詞,接尾,助数詞,*,*,*,番,ばん,バン
じまい,1298,1298,9131,名詞,接尾,一般,*,*,*,じまい,じまい,ジマイ
練り,1298,1298,8200,名詞,接尾,一般,*,*,*,練り,ねり,ネリ
棺,1298,1298,8968,名詞,接尾,一般,*,*,*,棺,かん,カン
略,1298,1298,9082,名詞,接尾,一般,*,*,*,略,りゃく,リャク
ダーハム,1300,1300,8698,名詞,接尾,助数詞,*,*,*,ダーハム,だーはむ,ダーハム
個国,1300,1300,9794,名詞,接尾,助数詞,*,*,*,個国,かこく,カコク
替わり,1298,1298,8511,名詞,接尾,一般,*,*,*,替わり,がわり,ガワリ
年余,1300,1300,8645,名詞,接尾,助数詞,*,*,*,年余,ねんよ,ネンヨ
年余,1300,1300,10746,名詞,接尾,助数詞,*,*,*,年余,ねんあまり,ネンアマリ
ところ,1300,1300,12969,名詞,接尾,助数詞,*,*,*,ところ,ところ,トコロ
所,1298,1298,7562,名詞,接尾,一般,*,*,*,所,しょ,ショ
所,1298,1298,8127,名詞,接尾,一般,*,*,*,所,じょ,ジョ
びな,1298,1298,9260,名詞,接尾,一般,*,*,*,びな,びな,ビナ
金,1300,1300,14021,名詞,接尾,助数詞,*,*,*,金,きん,キン
値,1298,1298,10082,名詞,接尾,一般,*,*,*,値,ち,チ
値,1298,1298,11841,名詞,接尾,一般,*,*,*,値,ね,ネ
通,1300,1300,9633,名詞,接尾,助数詞,*,*,*,通,つう,ツー
席,1300,1300,11729,名詞,接尾,助数詞,*,*,*,席,せき,セキ
ヶ月,1300,1300,9039,名詞,接尾,助数詞,*,*,*,ヶ月,かげつ,カゲツ
方,1304,1304,8725,名詞,接尾,特殊,*,*,*,方,かた,カタ
箇条,1300,1300,9872,名詞,接尾,助数詞,*,*,*,箇条,かじょう,カジョー
したて,1298,1298,9459,名詞,接尾,一般,*,*,*,したて,したて,シタテ
騒ぎ,1298,1298,11402,名詞,接尾,一般,*,*,*,騒ぎ,さわぎ,サワギ
ｐｐｍ,1300,1300,13705,名詞,接尾,助数詞,*,*,*,ｐｐｍ,ぴーぴーえむ,ピーピーエム
小,1298,1298,8912,名詞,接尾,一般,*,*,*,小,しょう,ショー
山,1303,1303,12602,名詞,接尾,地域,*,*,*,山,さん,サン
列,1300,1300,13379,名詞,接尾,助数詞,*,*,*,列,れつ,レツ
ケ所,1300,1300,8879,名詞,接尾,助数詞,*,*,*,ケ所,かしょ,カショ
両,1300,1300,9768,名詞,接尾,助数詞,*,*,*,両,りょう,リョー
詰め,1298,1298,8715,名詞,接尾,一般,*,*,*,詰め,づめ,ズメ
群,1298,1298,5547,名詞,接尾,一般,*,*,*,群,ぐん,グン
海,1303,1303,13848,名詞,接尾,地域,*,*,*,海,かい,カイ
おこし,1298,1298,10765,名詞,接尾,一般,*,*,*,おこし,おこし,オコシ
オーム,1300,1300,8698,名詞,接尾,助数詞,*,*,*,オーム,おーむ,オーム
官,1298,1298,9583,名詞,接尾,一般,*,*,*,官,かん,カン
カ店,1300,1300,8783,名詞,接尾,助数詞,*,*,*,カ店,かてん,カテン
カ国,1300,1300,8026,名詞,接尾,助数詞,*,*,*,カ国,かこく,カコク
俵,1300,1300,10532,名詞,接尾,助数詞,*,*,*,俵,ひょう,ヒョー
園,1298,1298,9757,名詞,接尾,一般,*,*,*,園,えん,エン
以南,1298,1298,9111,名詞,接尾,一般,*,*,*,以南,いなん,イナン
なかば,1298,1298,9313,名詞,接尾,一般,*,*,*,なかば,なかば,ナカバ
製,1298,1298,7481,名詞,接尾,一般,*,*,*,製,せい,セイ
藩,1298,1298,9964,名詞,接尾,一般,*,*,*,藩,はん,ハン
立方メートル,1300,1300,9869,名詞,接尾,助数詞,*,*,*,立方メートル,りっぽうめーとる,リッポーメートル
法,1298,1298,8548,名詞,接尾,一般,*,*,*,法,ほう,ホー
陵,1298,1298,9917,名詞,接尾,一般,*,*,*,陵,りょう,リョウ
医,1298,1298,9097,名詞,接尾,一般,*,*,*,医,い,イ
センチメートル,1300,1300,8698,名詞,接尾,助数詞,*,*,*,センチメートル,せんちめーとる,センチメートル
獅子,1298,1298,7243,名詞,接尾,一般,*,*,*,獅子,じし,ジシ
分木,1300,1300,9872,名詞,接尾,助数詞,*,*,*,分木,ぶんぎ,ブンギ
がま,1298,1298,10402,名詞,接尾,一般,*,*,*,がま,がま,ガマ
石,1298,1298,9226,名詞,接尾,一般,*,*,*,石,せき,セキ
石,1298,1298,10760,名詞,接尾,一般,*,*,*,石,いし,イシ
ビレ,1298,1298,8772,名詞,接尾,一般,*,*,*,ビレ,びれ,ビレ
葉,1300,1300,11202,名詞,接尾,助数詞,*,*,*,葉,よう,ヨー
分目,1300,1300,11863,名詞,接尾,助数詞,*,*,*,分目,ふんめ,フンメ
個年,1300,1300,9872,名詞,接尾,助数詞,*,*,*,個年,かねん,カネン
号証,1300,1300,9872,名詞,接尾,助数詞,*,*,*,号証,ごうしょう,ゴーショー
虫,1298,1298,9490,名詞,接尾,一般,*,*,*,虫,ちゅう,チュー
けた,1300,1300,12173,名詞,接尾,助数詞,*,*,*,けた,けた,ケタ
掘り,1298,1298,10302,名詞,接尾,一般,*,*,*,掘り,ほり,ホリ
厘,1300,1300,10583,名詞,接尾,助数詞,*,*,*,厘,りん,リン
時半,1300,1300,13792,名詞,接尾,助数詞,*,*,*,時半,じはん,ジハン
粍,1300,1300,9872,名詞,接尾,助数詞,*,*,*,粍,みりめーとる,ミリメートル
びれ,1298,1298,9331,名詞,接尾,一般,*,*,*,びれ,びれ,ビレ
殿,1302,1302,8622,名詞,接尾,人名,*,*,*,殿,どの,ドノ
順,1298,1298,9358,名詞,接尾,一般,*,*,*,順,じゅん,ジュン
ｋｌ,1300,1300,13674,名詞,接尾,助数詞,*,*,*,ｋｌ,きろりっとる,キロリットル
札,1298,1298,9003,名詞,接尾,一般,*,*,*,札,さつ,サツ
年,1298,1298,9827,名詞,接尾,一般,*,*,*,年,ねん,ネン
年,1298,1298,12141,名詞,接尾,一般,*,*,*,年,とし,トシ
ヵ村,1300,1300,8698,名詞,接尾,助数詞,*,*,*,ヵ村,かそん,カソン
辺,1300,1300,10258,名詞,接尾,助数詞,*,*,*,辺,へん,ヘン
増し,1298,1298,9367,名詞,接尾,一般,*,*,*,増し,まし,マシ
路,1298,1298,9919,名詞,接尾,一般,*,*,*,路,ろ,ロ
路,1298,1298,11697,名詞,接尾,一般,*,*,*,路,じ,ジ
食,1300,1300,11365,名詞,接尾,助数詞,*,*,*,食,しょく,ショク
余,1298,1298,7551,名詞,接尾,一般,*,*,*,余,よ,ヨ
余,1298,1298,7574,名詞,接尾,一般,*,*,*,余,あまり,アマリ
済み,1298,1298,8004,名詞,接尾,一般,*,*,*,済み,ずみ,ズミ
ケース,1300,1300,8777,名詞,接尾,助数詞,*,*,*,ケース,けーす,ケース
か国,1300,1300,12090,名詞,接尾,助数詞,*,*,*,か国,かこく,カコク
平方メートル,1300,1300,7683,名詞,接尾,助数詞,*,*,*,平方メートル,へいほうめーとる,ヘイホーメートル
旗,1298,1298,9222,名詞,接尾,一般,*,*,*,旗,き,キ
駅,1303,1303,8249,名詞,接尾,地域,*,*,*,駅,えき,エキ
周,1300,1300,12284,名詞,接尾,助数詞,*,*,*,周,しゅう,シュー
論,1298,1298,6970,名詞,接尾,一般,*,*,*,論,ろん,ロン
ｍｌ,1300,1300,13701,名詞,接尾,助数詞,*,*,*,ｍｌ,みりりっとる,ミリリットル
マルカ,1300,1300,8790,名詞,接尾,助数詞,*,*,*,マルカ,まるか,マルカ
転,1300,1300,12590,名詞,接尾,助数詞,*,*,*,転,てん,テン
マイル,1300,1300,8698,名詞,接尾,助数詞,*,*,*,マイル,まいる,マイル
エクスード,1300,1300,8698,名詞,接尾,助数詞,*,*,*,エクスード,えくすーど,エクスード
間,1298,1298,9165,名詞,接尾,一般,*,*,*,間,かん,カン
安,1298,1298,9768,名詞,接尾,一般,*,*,*,安,やす,ヤス
弁,1298,1298,9252,名詞,接尾,一般,*,*,*,弁,べん,ベン
親等,1300,1300,9622,名詞,接尾,助数詞,*,*,*,親等,しんとう,シントー
食,1298,1298,9765,名詞,接尾,一般,*,*,*,食,しょく,ショク
ドル,1300,1300,8684,名詞,接尾,助数詞,*,*,*,ドル,どる,ドル
ほど,1298,1298,11185,名詞,接尾,一般,*,*,*,ほど,ほど,ホド
分間,1300,1300,9354,名詞,接尾,助数詞,*,*,*,分間,ふんかん,フンカン
っぱなし,1298,1298,9200,名詞,接尾,一般,*,*,*,っぱなし,っぱなし,ッパナシ
峰,1298,1298,9118,名詞,接尾,一般,*,*,*,峰,ほう,ホー
句,1298,1298,10767,名詞,接尾,一般,*,*,*,句,く,ク
釣り,1298,1298,9128,名詞,接尾,一般,*,*,*,釣り,づり,ズリ
っ子,1298,1298,9962,名詞,接尾,一般,*,*,*,っ子,っこ,ッコ
辺,1305,1305,8861,名詞,接尾,副詞可能,*,*,*,辺,あたり,アタリ
光年,1300,1300,10268,名詞,接尾,助数詞,*,*,*,光年,こうねん,コーネン
色,1298,1298,7560,名詞,接尾,一般,*,*,*,色,しょく,ショク
色,1298,1298,8102,名詞,接尾,一般,*,*,*,色,いろ,イロ
審,1298,1298,9139,名詞,接尾,一般,*,*,*,審,しん,シン
漬け,1298,1298,7435,名詞,接尾,一般,*,*,*,漬け,づけ,ズケ
艘,1300,1300,10873,名詞,接尾,助数詞,*,*,*,艘,そう,ソー
以西,1298,1298,8898,名詞,接尾,一般,*,*,*,以西,いせい,イセイ
分,1298,1298,8197,名詞,接尾,一般,*,*,*,分,ぶん,ブン
手,1298,1298,8896,名詞,接尾,一般,*,*,*,手,しゅ,シュ
手,1298,1298,10783,名詞,接尾,一般,*,*,*,手,て,テ
未満,1298,1298,7291,名詞,接尾,一般,*,*,*,未満,みまん,ミマン
ごっこ,1298,1298,9261,名詞,接尾,一般,*,*,*,ごっこ,ごっこ,ゴッコ
まがい,1298,1298,9251,名詞,接尾,一般,*,*,*,まがい,まがい,マガイ
軸,1298,1298,9761,名詞,接尾,一般,*,*,*,軸,じく,ジク
張り,1298,1298,9928,名詞,接尾,一般,*,*,*,張り,ばり,バリ
穴,1298,1298,9994,名詞,接尾,一般,*,*,*,穴,あな,アナ
明け,1298,1298,6377,名詞,接尾,一般,*,*,*,明け,あけ,アケ
党,1298,1298,15353,名詞,接尾,一般,*,*,*,党,とう,トー
組,1298,1298,7884,名詞,接尾,一般,*,*,*,組,ぐみ,グミ
組,1298,1298,10615,名詞,接尾,一般,*,*,*,組,くみ,クミ
局,1298,1298,8348,名詞,接尾,一般,*,*,*,局,きょく,キョク
誌,1298,1298,9027,名詞,接尾,一般,*,*,*,誌,し,シ
体,1298,1298,10875,名詞,接尾,一般,*,*,*,体,たい,タイ
腺,1298,1298,9523,名詞,接尾,一般,*,*,*,腺,せん,セン
スクレ,1300,1300,8698,名詞,接尾,助数詞,*,*,*,スクレ,すくれ,スクレ
期,1298,1298,8407,名詞,接尾,一般,*,*,*,期,き,キ
か条,1300,1300,12167,名詞,接尾,助数詞,*,*,*,か条,かじょう,カジョー
心,1298,1298,8391,名詞,接尾,一般,*,*,*,心,しん,シン
心,1298,1298,9405,名詞,接尾,一般,*,*,*,心,ごころ,ゴコロ
心,1298,1298,11830,名詞,接尾,一般,*,*,*,心,こころ,ココロ
状,1298,1298,8246,名詞,接尾,一般,*,*,*,状,じょう,ジョー
％,1300,1300,8993,名詞,接尾,助数詞,*,*,*,％,ぱーせんと,パーセント
そ,1301,1301,11484,名詞,接尾,助動詞語幹,*,*,*,そ,そ,ソ
品,1298,1298,11215,名詞,接尾,一般,*,*,*,品,ひん,ヒン
品,1298,1298,15097,名詞,接尾,一般,*,*,*,品,ぴん,ピン
付近,1298,1298,13053,名詞,接尾,一般,*,*,*,付近,ふきん,フキン
編,1298,1298,8089,名詞,接尾,一般,*,*,*,編,へん,ヘン
みち,1298,1298,8173,名詞,接尾,一般,*,*,*,みち,みち,ミチ
哩,1300,1300,9873,名詞,接尾,助数詞,*,*,*,哩,まいる,マイル
薄,1299,1299,7784,名詞,接尾,形容動詞語幹,*,*,*,薄,うす,ウス
紙,1298,1298,8026,名詞,接尾,一般,*,*,*,紙,し,シ
ＳＤＲ,1300,1300,13677,名詞,接尾,助数詞,*,*,*,ＳＤＲ,えすでぃーあーる,エスディーアール
ずみ,1298,1298,9227,名詞,接尾,一般,*,*,*,ずみ,ずみ,ズミ
まわり,1300,1300,11892,名詞,接尾,助数詞,*,*,*,まわり,まわり,マワリ
絡み,1298,1298,8899,名詞,接尾,一般,*,*,*,絡み,がらみ,ガラミ
尾,1300,1300,12148,名詞,接尾,助数詞,*,*,*,尾,び,ビ
界,1298,1298,8996,名詞,接尾,一般,*,*,*,界,かい,カイ
羽,1298,1298,8045,名詞,接尾,一般,*,*,*,羽,わ,ワ
位,1300,1300,9198,名詞,接尾,助数詞,*,*,*,位,い,イ
字詰め,1300,1300,9858,名詞,接尾,助数詞,*,*,*,字詰め,じづめ,ジズメ
まみれ,1298,1298,9261,名詞,接尾,一般,*,*,*,まみれ,まみれ,マミレ
駐,1298,1298,9145,名詞,接尾,一般,*,*,*,駐,ちゅう,チュー
具,1298,1298,9778,名詞,接尾,一般,*,*,*,具,ぐ,グ
伝,1298,1298,10346,名詞,接尾,一般,*,*,*,伝,でん,デン
ゆえ,1298,1298,8843,名詞,接尾,一般,*,*,*,ゆえ,ゆえ,ユエ
ディーケー,1300,1300,8698,名詞,接尾,助数詞,*,*,*,ディーケー,でぃーけー,ディーケイ
ペソ,1300,1300,8685,名詞,接尾,助数詞,*,*,*,ペソ,ぺそ,ペソ
網,1298,1298,6173,名詞,接尾,一般,*,*,*,網,もう,モー
ちん,1302,1302,7992,名詞,接尾,人名,*,*,*,ちん,ちん,チン
さん,1302,1302,6910,名詞,接尾,人名,*,*,*,さん,さん,サン
局,1300,1300,10351,名詞,接尾,助数詞,*,*,*,局,きょく,キョク
貫目,1300,1300,9872,名詞,接尾,助数詞,*,*,*,貫目,かんめ,カンメ
知らず,1298,1298,9159,名詞,接尾,一般,*,*,*,知らず,しらず,シラズ
ちゃん,1302,1302,9175,名詞,接尾,人名,*,*,*,ちゃん,ちゃん,チャン
評,1298,1298,10145,名詞,接尾,一般,*,*,*,評,ひょう,ヒョー
相,1298,1298,9745,名詞,接尾,一般,*,*,*,相,しょう,ショー
個,1300,1300,9115,名詞,接尾,助数詞,*,*,*,個,こ,コ
弾,1298,1298,7700,名詞,接尾,一般,*,*,*,弾,だん,ダン
内,1300,1300,10916,名詞,接尾,助数詞,*,*,*,内,ない,ナイ
軍,1298,1298,8591,名詞,接尾,一般,*,*,*,軍,ぐん,グン
可,1298,1298,9115,名詞,接尾,一般,*,*,*,可,か,カ
火,1298,1298,9579,名詞,接尾,一般,*,*,*,火,ひ,ヒ
室,1300,1300,10855,名詞,接尾,助数詞,*,*,*,室,しつ,シツ
獣,1298,1298,8564,名詞,接尾,一般,*,*,*,獣,じゅう,ジュウ
しだい,1298,1298,7589,名詞,接尾,一般,*,*,*,しだい,しだい,シダイ
陣,1300,1300,10305,名詞,接尾,助数詞,*,*,*,陣,じん,ジン
かげ,1298,1298,9099,名詞,接尾,一般,*,*,*,かげ,かげ,カゲ
合わせ,1298,1298,9516,名詞,接尾,一般,*,*,*,合わせ,あわせ,アワセ
駄,1300,1300,10228,名詞,接尾,助数詞,*,*,*,駄,だ,ダ
噸,1300,1300,10216,名詞,接尾,助数詞,*,*,*,噸,とん,トン
着,1298,1298,9176,名詞,接尾,一般,*,*,*,着,ぎ,ギ
着,1298,1298,10116,名詞,接尾,一般,*,*,*,着,ちゃく,チャク
間,1300,1300,12698,名詞,接尾,助数詞,*,*,*,間,けん,ケン
じゅう,1305,1305,9261,名詞,接尾,副詞可能,*,*,*,じゅう,じゅう,ジュー
分,1300,1300,10004,名詞,接尾,助数詞,*,*,*,分,ふん,フン
分,1300,1300,13223,名詞,接尾,助数詞,*,*,*,分,ぶ,ブ
数,1298,1298,8170,名詞,接尾,一般,*,*,*,数,すう,スー
季,1300,1300,13323,名詞,接尾,助数詞,*,*,*,季,き,キ
書,1298,1298,9499,名詞,接尾,一般,*,*,*,書,しょ,ショ
鍋,1298,1298,10905,名詞,接尾,一般,*,*,*,鍋,なべ,ナベ
長,1298,1298,9838,名詞,接尾,一般,*,*,*,長,ちょう,チョー
ページ,1300,1300,8118,名詞,接尾,助数詞,*,*,*,ページ,ぺーじ,ページ
行,1300,1300,11526,名詞,接尾,助数詞,*,*,*,行,こう,コー
行,1300,1300,12970,名詞,接尾,助数詞,*,*,*,行,ぎょう,ギョー
メガビット,1300,1300,8677,名詞,接尾,助数詞,*,*,*,メガビット,めがびっと,メガビット
テラ,1300,1300,8718,名詞,接尾,助数詞,*,*,*,テラ,てら,テラ
共,1298,1298,10811,名詞,接尾,一般,*,*,*,共,とも,トモ
共,1298,1298,10609,名詞,接尾,一般,*,*,*,共,ども,ドモ
焼,1298,1298,9315,名詞,接尾,一般,*,*,*,焼,しょう,ショー
ホン,1300,1300,8730,名詞,接尾,助数詞,*,*,*,ホン,ほん,ホン
か所,1300,1300,12349,名詞,接尾,助数詞,*,*,*,か所,かしょ,カショ
面,1298,1298,8543,名詞,接尾,一般,*,*,*,面,めん,メン
ドラクマ,1300,1300,8698,名詞,接尾,助数詞,*,*,*,ドラクマ,どらくま,ドラクマ
弦,1300,1300,10638,名詞,接尾,助数詞,*,*,*,弦,げん,ゲン
割れ,1298,1298,8189,名詞,接尾,一般,*,*,*,割れ,われ,ワレ
球,1298,1298,11633,名詞,接尾,一般,*,*,*,球,だま,ダマ
球,1298,1298,12591,名詞,接尾,一般,*,*,*,球,きゅう,キュー
ごたえ,1298,1298,9299,名詞,接尾,一般,*,*,*,ごたえ,ごたえ,ゴタエ
率,1298,1298,8039,名詞,接尾,一般,*,*,*,率,りつ,リツ
番手,1300,1300,9787,名詞,接尾,助数詞,*,*,*,番手,ばんて,バンテ
グラム,1300,1300,8679,名詞,接尾,助数詞,*,*,*,グラム,ぐらむ,グラム
掛け,1298,1298,10317,名詞,接尾,一般,*,*,*,掛け,かけ,カケ
個月,1300,1300,10213,名詞,接尾,助数詞,*,*,*,個月,かげつ,カゲツ
ダウン,1298,1298,10723,名詞,接尾,一般,*,*,*,ダウン,だうん,ダウン
ｔ,1300,1300,14059,名詞,接尾,助数詞,*,*,*,ｔ,とん,トン
科,1298,1298,8084,名詞,接尾,一般,*,*,*,科,か,カ
分け,1297,1297,9310,名詞,接尾,サ変接続,*,*,*,分け,わけ,ワケ
作り,1298,1298,6760,名詞,接尾,一般,*,*,*,作り,づくり,ズクリ
作り,1298,1298,8956,名詞,接尾,一般,*,*,*,作り,つくり,ツクリ
条,1300,1300,10829,名詞,接尾,助数詞,*,*,*,条,じょう,ジョー
そろい,1300,1300,12179,名詞,接尾,助数詞,*,*,*,そろい,そろい,ソロイ
球,1300,1300,13245,名詞,接尾,助数詞,*,*,*,球,きゅう,キュー
狂,1298,1298,8221,名詞,接尾,一般,*,*,*,狂,きょう,キョー
名,1300,1300,11224,名詞,接尾,助数詞,*,*,*,名,めい,メイ
遍,1300,1300,10405,名詞,接尾,助数詞,*,*,*,遍,へん,ヘン
王,1298,1298,9971,名詞,接尾,一般,*,*,*,王,おう,オー
文,1300,1300,12183,名詞,接尾,助数詞,*,*,*,文,ぶん,ブン
文,1300,1300,12658,名詞,接尾,助数詞,*,*,*,文,もん,モン
輪,1300,1300,10468,名詞,接尾,助数詞,*,*,*,輪,りん,リン
化,1297,1297,6390,名詞,接尾,サ変接続,*,*,*,化,か,カ
枠,1300,1300,8322,名詞,接尾,助数詞,*,*,*,枠,わく,ワク
筆,1298,1298,9107,名詞,接尾,一般,*,*,*,筆,ひつ,ヒツ
バール,1300,1300,8699,名詞,接尾,助数詞,*,*,*,バール,ばーる,バール
シリング,1300,1300,8698,名詞,接尾,助数詞,*,*,*,シリング,しりんぐ,シリング
人月,1300,1300,9872,名詞,接尾,助数詞,*,*,*,人月,にんげつ,ニンゲツ
ペニー,1300,1300,8698,名詞,接尾,助数詞,*,*,*,ペニー,ぺにー,ペニー
ガモ,1298,1298,8768,名詞,接尾,一般,*,*,*,ガモ,がも,ガモ
刷,1300,1300,9761,名詞,接尾,助数詞,*,*,*,刷,さつ,サツ
個口,1300,1300,9843,名詞,接尾,助数詞,*,*,*,個口,こぐち,コグチ
月,1300,1300,17099,名詞,接尾,助数詞,*,*,*,月,つき,ツキ
ガロン,1300,1300,8698,名詞,接尾,助数詞,*,*,*,ガロン,がろん,ガロン
葬,1298,1298,8688,名詞,接尾,一般,*,*,*,葬,そう,ソー
罰,1298,1298,9220,名詞,接尾,一般,*,*,*,罰,ばつ,バツ
カイリ,1300,1300,8573,名詞,接尾,助数詞,*,*,*,カイリ,かいり,カイリ
機,1300,1300,10728,名詞,接尾,助数詞,*,*,*,機,き,キ
売,1298,1298,10056,名詞,接尾,一般,*,*,*,売,うり,ウリ
拳,1298,1298,9437,名詞,接尾,一般,*,*,*,拳,けん,ケン
版,1298,1298,7465,名詞,接尾,一般,*,*,*,版,ばん,バン
限,1300,1300,11121,名詞,接尾,助数詞,*,*,*,限,げん,ゲン
石,1300,1300,10940,名詞,接尾,助数詞,*,*,*,石,せき,セキ
石,1300,1300,12736,名詞,接尾,助数詞,*,*,*,石,こく,コク
票,1298,1298,9187,名詞,接尾,一般,*,*,*,票,ひょう,ヒョー
ウォン,1300,1300,8678,名詞,接尾,助数詞,*,*,*,ウォン,うぉん,ウォン
びたし,1298,1298,9254,名詞,接尾,一般,*,*,*,びたし,びたし,ビタシ
発,1300,1300,9821,名詞,接尾,助数詞,*,*,*,発,はつ,ハツ
マン,1298,1298,9842,名詞,接尾,一般,*,*,*,マン,まん,マン
油,1298,1298,9687,名詞,接尾,一般,*,*,*,油,ゆ,ユ
港,1303,1303,11988,名詞,接尾,地域,*,*,*,港,こう,コー
風,1298,1298,8728,名詞,接尾,一般,*,*,*,風,ふう,フー
回,1300,1300,7597,名詞,接尾,助数詞,*,*,*,回,かい,カイ
遣い,1298,1298,7064,名詞,接尾,一般,*,*,*,遣い,づかい,ズカイ
ども,1298,1298,10487,名詞,接尾,一般,*,*,*,ども,ども,ドモ
ポイント,1300,1300,7203,名詞,接尾,助数詞,*,*,*,ポイント,ぽいんと,ポイント
心地,1298,1298,7990,名詞,接尾,一般,*,*,*,心地,ごこち,ゴコチ
年代,1300,1300,8671,名詞,接尾,助数詞,*,*,*,年代,ねんだい,ネンダイ
鋼,1298,1298,8149,名詞,接尾,一般,*,*,*,鋼,こう,コー
付,1298,1298,7530,名詞,接尾,一般,*,*,*,付,づけ,ズケ
付,1298,1298,11933,名詞,接尾,一般,*,*,*,付,ふ,フ
付,1298,1298,11198,名詞,接尾,一般,*,*,*,付,つき,ツキ
画,1298,1298,9738,名詞,接尾,一般,*,*,*,画,が,ガ
士,1298,1298,9439,名詞,接尾,一般,*,*,*,士,し,シ
帯,1298,1298,7622,名詞,接尾,一般,*,*,*,帯,たい,タイ
つ折り,1300,1300,12167,名詞,接尾,助数詞,*,*,*,つ折り,つおり,ツオリ
つまみ,1300,1300,12703,名詞,接尾,助数詞,*,*,*,つまみ,つまみ,ツマミ
デニール,1300,1300,8698,名詞,接尾,助数詞,*,*,*,デニール,でにーる,デニール
張り,1300,1300,10371,名詞,接尾,助数詞,*,*,*,張り,はり,ハリ
館,1298,1298,7992,名詞,接尾,一般,*,*,*,館,かん,カン
もと,1298,1298,9701,名詞,接尾,一般,*,*,*,もと,もと,モト
替え,1298,1298,10543,名詞,接尾,一般,*,*,*,替え,がえ,ガエ
くだり,1300,1300,12479,名詞,接尾,助数詞,*,*,*,くだり,くだり,クダリ
キロメートル,1300,1300,8698,名詞,接尾,助数詞,*,*,*,キロメートル,きろめーとる,キロメートル
馬身,1300,1300,9871,名詞,接尾,助数詞,*,*,*,馬身,ばしん,バシン
児,1298,1298,9197,名詞,接尾,一般,*,*,*,児,じ,ジ
運び,1298,1298,8306,名詞,接尾,一般,*,*,*,運び,はこび,ハコビ
湖,1303,1303,10436,名詞,接尾,地域,*,*,*,湖,こ,コ
園,1300,1300,11396,名詞,接尾,助数詞,*,*,*,園,えん,エン
進数,1300,1300,9872,名詞,接尾,助数詞,*,*,*,進数,しんすう,シンスー
余り,1298,1298,6371,名詞,接尾,一般,*,*,*,余り,あまり,アマリ
分け,1300,1300,12355,名詞,接尾,助数詞,*,*,*,分け,わけ,ワケ
目,1298,1298,7199,名詞,接尾,一般,*,*,*,目,め,メ
刀,1298,1298,8272,名詞,接尾,一般,*,*,*,刀,がたな,ガタナ
かた,1298,1298,10286,名詞,接尾,一般,*,*,*,かた,かた,カタ
袋,1298,1298,8971,名詞,接尾,一般,*,*,*,袋,ぶくろ,ブクロ
作,1300,1300,12904,名詞,接尾,助数詞,*,*,*,作,さく,サク
材,1298,1298,9905,名詞,接尾,一般,*,*,*,材,ざい,ザイ
向け,1298,1298,7300,名詞,接尾,一般,*,*,*,向け,むけ,ムケ
閥,1298,1298,9219,名詞,接尾,一般,*,*,*,閥,ばつ,バツ
ミリバール,1300,1300,8698,名詞,接尾,助数詞,*,*,*,ミリバール,みりばーる,ミリバール
エスクード,1300,1300,8698,名詞,接尾,助数詞,*,*,*,エスクード,えすくーど,エスクード
ｍ,1300,1300,14159,名詞,接尾,助数詞,*,*,*,ｍ,めーとる,メートル
址,1298,1298,9360,名詞,接尾,一般,*,*,*,址,し,シ
か月,1300,1300,12507,名詞,接尾,助数詞,*,*,*,か月,かげつ,カゲツ
著,1302,1302,8114,名詞,接尾,人名,*,*,*,著,ちょ,チョ
箱,1300,1300,10166,名詞,接尾,助数詞,*,*,*,箱,はこ,ハコ
不可,1298,1298,8233,名詞,接尾,一般,*,*,*,不可,ふか,フカ
名,1298,1298,9511,名詞,接尾,一般,*,*,*,名,めい,メイ
もの,1298,1298,10461,名詞,接尾,一般,*,*,*,もの,もの,モノ
性,1298,1298,7390,名詞,接尾,一般,*,*,*,性,せい,セイ
祭,1298,1298,7461,名詞,接尾,一般,*,*,*,祭,さい,サイ
カロリー,1300,1300,9033,名詞,接尾,助数詞,*,*,*,カロリー,かろりー,カロリー
選,1298,1298,9749,名詞,接尾,一般,*,*,*,選,せん,セン
型,1300,1300,10509,名詞,接尾,助数詞,*,*,*,型,がた,ガタ
袋,1300,1300,10608,名詞,接尾,助数詞,*,*,*,袋,ふくろ,フクロ
ピコ,1300,1300,8699,名詞,接尾,助数詞,*,*,*,ピコ,ぴこ,ピコ
艇,1298,1298,10317,名詞,接尾,一般,*,*,*,艇,てい,テイ
県,1303,1303,6399,名詞,接尾,地域,*,*,*,県,けん,ケン
よう,1298,1298,6226,名詞,接尾,一般,*,*,*,よう,よう,ヨー
さばき,1298,1298,10653,名詞,接尾,一般,*,*,*,さばき,さばき,サバキ
宛て,1298,1298,8556,名詞,接尾,一般,*,*,*,宛て,あて,アテ
どうし,1298,1298,9634,名詞,接尾,一般,*,*,*,どうし,どうし,ドーシ
染め,1298,1298,7792,名詞,接尾,一般,*,*,*,染め,ぞめ,ゾメ
Ｍバイト,1300,1300,13714,名詞,接尾,助数詞,*,*,*,Ｍバイト,めがばいと,メガバイト
サンチーム,1300,1300,8698,名詞,接尾,助数詞,*,*,*,サンチーム,さんちーむ,サンチーム
則,1298,1298,10917,名詞,接尾,一般,*,*,*,則,そく,ソク
書き,1298,1298,7403,名詞,接尾,一般,*,*,*,書き,がき,ガキ
書き,1298,1298,9285,名詞,接尾,一般,*,*,*,書き,かき,カキ
区,1300,1300,9974,名詞,接尾,助数詞,*,*,*,区,く,ク
ｈｐａ,1300,1300,13714,名詞,接尾,助数詞,*,*,*,ｈｐａ,へくとぱすかる,ヘクトパスカル
出し,1298,1298,10800,名詞,接尾,一般,*,*,*,出し,だし,ダシ
等,1298,1298,9278,名詞,接尾,一般,*,*,*,等,とう,トー
等,1298,1298,12030,名詞,接尾,一般,*,*,*,等,ら,ラ
金,1298,1298,8518,名詞,接尾,一般,*,*,*,金,きん,キン
がらみ,1298,1298,9325,名詞,接尾,一般,*,*,*,がらみ,がらみ,ガラミ
ｋｈｚ,1300,1300,13714,名詞,接尾,助数詞,*,*,*,ｋｈｚ,きろへるつ,キロヘルツ
水,1298,1298,10950,名詞,接尾,一般,*,*,*,水,すい,スイ
水,1298,1298,12004,名詞,接尾,一般,*,*,*,水,みず,ミズ
フォン,1300,1300,8698,名詞,接尾,助数詞,*,*,*,フォン,ふぉん,フォン
年来,1300,1300,9681,名詞,接尾,助数詞,*,*,*,年来,ねんらい,ネンライ
絵,1298,1298,10761,名詞,接尾,一般,*,*,*,絵,え,エ
週,1300,1300,11365,名詞,接尾,助数詞,*,*,*,週,しゅう,シュー
足らず,1298,1298,7382,名詞,接尾,一般,*,*,*,足らず,たらず,タラズ
飾り,1298,1298,8735,名詞,接尾,一般,*,*,*,飾り,かざり,カザリ
リットル,1300,1300,8570,名詞,接尾,助数詞,*,*,*,リットル,りっとる,リットル
焼き,1298,1298,9169,名詞,接尾,一般,*,*,*,焼き,やき,ヤキ
線,1300,1300,11278,名詞,接尾,助数詞,*,*,*,線,せん,セン
年度,1298,1298,10056,名詞,接尾,一般,*,*,*,年度,ねんど,ネンド
持ち,1298,1298,10277,名詞,接尾,一般,*,*,*,持ち,もち,モチ
年,1300,1300,8465,名詞,接尾,助数詞,*,*,*,年,ねん,ネン
価,1300,1300,12336,名詞,接尾,助数詞,*,*,*,価,か,カ
博,1298,1298,10369,名詞,接尾,一般,*,*,*,博,はく,ハク
パーセント,1300,1300,8479,名詞,接尾,助数詞,*,*,*,パーセント,ぱーせんと,パーセント
付き,1298,1298,7415,名詞,接尾,一般,*,*,*,付き,つき,ツキ
疲れ,1298,1298,9583,名詞,接尾,一般,*,*,*,疲れ,づかれ,ズカレ
泊,1300,1300,9452,名詞,接尾,助数詞,*,*,*,泊,はく,ハク
破り,1298,1298,10429,名詞,接尾,一般,*,*,*,破り,やぶり,ヤブリ
さ,1304,1304,5317,名詞,接尾,特殊,*,*,*,さ,さ,サ
州,1300,1300,13432,名詞,接尾,助数詞,*,*,*,州,しゅう,シュー
族,1298,1298,7932,名詞,接尾,一般,*,*,*,族,ぞく,ゾク
いじり,1298,1298,9252,名詞,接尾,一般,*,*,*,いじり,いじり,イジリ
支度,1298,1298,7554,名詞,接尾,一般,*,*,*,支度,じたく,ジタク
片,1300,1300,11152,名詞,接尾,助数詞,*,*,*,片,へん,ヘン
片,1300,1300,12520,名詞,接尾,助数詞,*,*,*,片,ぺん,ペン
強,1298,1298,9842,名詞,接尾,一般,*,*,*,強,きょう,キョー
量,1298,1298,9334,名詞,接尾,一般,*,*,*,量,りょう,リョウ
証,1298,1298,10638,名詞,接尾,一般,*,*,*,証,しょう,ショー
言,1300,1300,13757,名詞,接尾,助数詞,*,*,*,言,こと,コト
建て,1298,1298,6477,名詞,接尾,一般,*,*,*,建て,だて,ダテ
建て,1298,1298,10725,名詞,接尾,一般,*,*,*,建て,たて,タテ
作,1298,1298,9833,名詞,接尾,一般,*,*,*,作,さく,サク
先,1298,1298,8318,名詞,接尾,一般,*,*,*,先,さき,サキ
いかん,1298,1298,9666,名詞,接尾,一般,*,*,*,いかん,いかん,イカン
メガトン,1300,1300,8698,名詞,接尾,助数詞,*,*,*,メガトン,めがとん,メガトン
ガニ,1298,1298,8920,名詞,接尾,一般,*,*,*,ガニ,がに,ガニ
あけ,1298,1298,9046,名詞,接尾,一般,*,*,*,あけ,あけ,アケ
街,1298,1298,7885,名詞,接尾,一般,*,*,*,街,がい,ガイ
サイクル,1300,1300,8840,名詞,接尾,助数詞,*,*,*,サイクル,さいくる,サイクル
ラウンド,1300,1300,8382,名詞,接尾,助数詞,*,*,*,ラウンド,らうんど,ラウンド
点,1300,1300,9507,名詞,接尾,助数詞,*,*,*,点,てん,テン
ｋｍ,1300,1300,13715,名詞,接尾,助数詞,*,*,*,ｋｍ,きろめーとる,キロメートル
引き,1298,1298,8963,名詞,接尾,一般,*,*,*,引き,びき,ビキ
引き,1298,1298,10210,名詞,接尾,一般,*,*,*,引き,ひき,ヒキ
林,1298,1298,9881,名詞,接尾,一般,*,*,*,林,りん,リン
粉,1298,1298,9571,名詞,接尾,一般,*,*,*,粉,こ,コ
段式,1300,1300,12026,名詞,接尾,助数詞,*,*,*,段式,だんしき,ダンシキ
げいこ,1298,1298,9292,名詞,接尾,一般,*,*,*,げいこ,げいこ,ゲイコ
様,1300,1300,12444,名詞,接尾,助数詞,*,*,*,様,よう,ヨー
トン,1300,1300,8220,名詞,接尾,助数詞,*,*,*,トン,とん,トン
肢,1298,1298,9957,名詞,接尾,一般,*,*,*,肢,し,シ
カ寺,1300,1300,8303,名詞,接尾,助数詞,*,*,*,カ寺,かじ,カジ
ｃｃ,1300,1300,14514,名詞,接尾,助数詞,*,*,*,ｃｃ,しーしー,シーシー
便,1300,1300,9390,名詞,接尾,助数詞,*,*,*,便,びん,ビン
みがき,1298,1298,9228,名詞,接尾,一般,*,*,*,みがき,みがき,ミガキ
げ,1298,1298,9800,名詞,接尾,一般,*,*,*,げ,げ,ゲ
アール,1300,1300,9237,名詞,接尾,助数詞,*,*,*,アール,あーる,アール
本,1300,1300,9791,名詞,接尾,助数詞,*,*,*,本,ほん,ホン
沿い,1298,1298,6196,名詞,接尾,一般,*,*,*,沿い,ぞい,ゾイ
沿い,1298,1298,7514,名詞,接尾,一般,*,*,*,沿い,そい,ソイ
魂,1298,1298,10316,名詞,接尾,一般,*,*,*,魂,だましい,ダマシー
椀,1300,1300,10065,名詞,接尾,助数詞,*,*,*,椀,わん,ワン
振り,1300,1300,10192,名詞,接尾,助数詞,*,*,*,振り,ふり,フリ
港,1300,1300,12458,名詞,接尾,助数詞,*,*,*,港,こう,コー
くみ,1298,1298,9939,名詞,接尾,一般,*,*,*,くみ,くみ,クミ
伝い,1298,1298,8418,名詞,接尾,一般,*,*,*,伝い,づたい,ズタイ
箇月,1300,1300,10213,名詞,接尾,助数詞,*,*,*,箇月,かげつ,カゲツ
巻き,1298,1298,9948,名詞,接尾,一般,*,*,*,巻き,まき,マキ
ら,1298,1298,9830,名詞,接尾,一般,*,*,*,ら,ら,ラ
度目,1300,1300,7790,名詞,接尾,助数詞,*,*,*,度目,どめ,ドメ
例,1300,1300,11493,名詞,接尾,助数詞,*,*,*,例,れい,レイ
パット,1300,1300,8614,名詞,接尾,助数詞,*,*,*,パット,ぱっと,パット
歴,1298,1298,8404,名詞,接尾,一般,*,*,*,歴,れき,レキ
師,1298,1298,8749,名詞,接尾,一般,*,*,*,師,し,シ
離れ,1298,1298,8781,名詞,接尾,一般,*,*,*,離れ,ばなれ,バナレ
台,1300,1300,10076,名詞,接尾,助数詞,*,*,*,台,だい,ダイ
犯,1298,1298,9709,名詞,接尾,一般,*,*,*,犯,はん,ハン
打,1298,1298,9095,名詞,接尾,一般,*,*,*,打,だ,ダ
湾,1298,1298,8958,名詞,接尾,一般,*,*,*,湾,わん,ワン
院,1298,1298,9059,名詞,接尾,一般,*,*,*,院,いん,イン
ボルト,1300,1300,8685,名詞,接尾,助数詞,*,*,*,ボルト,ぼると,ボルト
陣,1298,1298,8588,名詞,接尾,一般,*,*,*,陣,じん,ジン
語,1298,1298,7810,名詞,接尾,一般,*,*,*,語,ご,ゴ
キロヘルツ,1300,1300,8698,名詞,接尾,助数詞,*,*,*,キロヘルツ,きろへるつ,キロヘルツ
攻め,1298,1298,8494,名詞,接尾,一般,*,*,*,攻め,ぜめ,ゼメ
巻,1300,1300,10005,名詞,接尾,助数詞,*,*,*,巻,かん,カン
使,1298,1298,12054,名詞,接尾,一般,*,*,*,使,し,シ
時限,1300,1300,9732,名詞,接尾,助数詞,*,*,*,時限,じげん,ジゲン
回忌,1300,1300,9899,名詞,接尾,助数詞,*,*,*,回忌,かいき,カイキ
ばり,1298,1298,9433,名詞,接尾,一般,*,*,*,ばり,ばり,バリ
市内,1303,1303,12879,名詞,接尾,地域,*,*,*,市内,しない,シナイ
通り,1300,1300,9979,名詞,接尾,助数詞,*,*,*,通り,とおり,トーリ
分の,1300,1300,8126,名詞,接尾,助数詞,*,*,*,分の,ぶんの,ブンノ
がわり,1298,1298,7498,名詞,接尾,一般,*,*,*,がわり,がわり,ガワリ
犯,1300,1300,11318,名詞,接尾,助数詞,*,*,*,犯,はん,ハン
籍,1298,1298,12256,名詞,接尾,一般,*,*,*,籍,せき,セキ
章,1300,1300,11634,名詞,接尾,助数詞,*,*,*,章,しょう,ショー
気味,1298,1298,6993,名詞,接尾,一般,*,*,*,気味,ぎみ,ギミ
続き,1300,1300,12175,名詞,接尾,助数詞,*,*,*,続き,つづき,ツヅキ
数,1300,1300,13350,名詞,接尾,助数詞,*,*,*,数,すう,スー
際,1298,1298,10057,名詞,接尾,一般,*,*,*,際,ぎわ,ギワ
握り,1300,1300,10036,名詞,接尾,助数詞,*,*,*,握り,にぎり,ニギリ
ｋメートル,1300,1300,13715,名詞,接尾,助数詞,*,*,*,ｋメートル,きろめーとる,キロメートル
裁,1298,1298,12300,名詞,接尾,一般,*,*,*,裁,さい,サイ
フィート,1300,1300,8698,名詞,接尾,助数詞,*,*,*,フィート,ふぃーと,フィート
刈り,1298,1298,8338,名詞,接尾,一般,*,*,*,刈り,がり,ガリ
ごこち,1298,1298,9216,名詞,接尾,一般,*,*,*,ごこち,ごこち,ゴコチ
立,1298,1298,12772,名詞,接尾,一般,*,*,*,立,りつ,リツ
立,1298,1298,14400,名詞,接尾,一般,*,*,*,立,たて,タテ
下り,1298,1298,8197,名詞,接尾,一般,*,*,*,下り,くだり,クダリ
店,1300,1300,10387,名詞,接尾,助数詞,*,*,*,店,てん,テン
字,1300,1300,12882,名詞,接尾,助数詞,*,*,*,字,じ,ジ
観,1298,1298,7849,名詞,接尾,一般,*,*,*,観,かん,カン
秒間,1300,1300,9797,名詞,接尾,助数詞,*,*,*,秒間,びょうかん,ビョーカン
犬,1298,1298,9804,名詞,接尾,一般,*,*,*,犬,けん,ケン
錠,1300,1300,10743,名詞,接尾,助数詞,*,*,*,錠,じょう,ジョー
船,1298,1298,9309,名詞,接尾,一般,*,*,*,船,せん,セン
講,1298,1298,9402,名詞,接尾,一般,*,*,*,講,こう,コー
土,1298,1298,11122,名詞,接尾,一般,*,*,*,土,ど,ド
入り,1297,1297,6153,名詞,接尾,サ変接続,*,*,*,入り,いり,イリ
号線,1300,1300,9872,名詞,接尾,助数詞,*,*,*,号線,ごうせん,ゴーセン
Ｍｂ,1300,1300,13714,名詞,接尾,助数詞,*,*,*,Ｍｂ,めがばいと,メガバイト
上げ,1298,1298,12661,名詞,接尾,一般,*,*,*,上げ,あげ,アゲ
湖,1300,1300,11274,名詞,接尾,助数詞,*,*,*,湖,こ,コ
刺し,1298,1298,8411,名詞,接尾,一般,*,*,*,刺し,ざし,ザシ
賞,1298,1298,8422,名詞,接尾,一般,*,*,*,賞,しょう,ショー
生,1298,1298,9371,名詞,接尾,一般,*,*,*,生,せい,セイ
生,1298,1298,13249,名詞,接尾,一般,*,*,*,生,うまれ,ウマレ
世,1300,1300,11541,名詞,接尾,助数詞,*,*,*,世,せい,セイ
ぺん,1300,1300,12645,名詞,接尾,助数詞,*,*,*,ぺん,ぺん,ペン
カ条,1300,1300,8698,名詞,接尾,助数詞,*,*,*,カ条,かじょう,カジョー
Ｇバイト,1300,1300,13715,名詞,接尾,助数詞,*,*,*,Ｇバイト,ぎがばいと,ギガバイト
柱,1298,1298,9071,名詞,接尾,一般,*,*,*,柱,ばしら,バシラ
斤,1300,1300,10302,名詞,接尾,助数詞,*,*,*,斤,きん,キン
年間,1300,1300,9163,名詞,接尾,助数詞,*,*,*,年間,ねんかん,ネンカン
漁,1298,1298,9439,名詞,接尾,一般,*,*,*,漁,りょう,リョー
並み,1298,1298,6177,名詞,接尾,一般,*,*,*,並み,なみ,ナミ
キロ,1300,1300,9148,名詞,接尾,助数詞,*,*,*,キロ,きろ,キロ
墳,1298,1298,8929,名詞,接尾,一般,*,*,*,墳,ふん,フン
談,1298,1298,10258,名詞,接尾,一般,*,*,*,談,だん,ダン
バレル,1300,1300,8700,名詞,接尾,助数詞,*,*,*,バレル,ばれる,バレル
バーツ,1300,1300,8698,名詞,接尾,助数詞,*,*,*,バーツ,ばーつ,バーツ
令,1298,1298,8182,名詞,接尾,一般,*,*,*,令,れい,レイ
城,1298,1298,10602,名詞,接尾,一般,*,*,*,城,じょう,ジョー
案,1298,1298,9687,名詞,接尾,一般,*,*,*,案,あん,アン
固め,1298,1298,9931,名詞,接尾,一般,*,*,*,固め,がため,ガタメ
物,1298,1298,8981,名詞,接尾,一般,*,*,*,物,ぶつ,ブツ
物,1298,1298,10064,名詞,接尾,一般,*,*,*,物,もの,モノ
びいき,1298,1298,9254,名詞,接尾,一般,*,*,*,びいき,びいき,ビイキ
フロア,1300,1300,8643,名詞,接尾,助数詞,*,*,*,フロア,ふろあ,フロア
好き,1299,1299,4101,名詞,接尾,形容動詞語幹,*,*,*,好き,すき,スキ
入れ,1298,1298,9004,名詞,接尾,一般,*,*,*,入れ,いれ,イレ
ディナール,1300,1300,9610,名詞,接尾,助数詞,*,*,*,ディナール,でぃなーる,ディナール
歌,1298,1298,10104,名詞,接尾,一般,*,*,*,歌,か,カ
口,1300,1300,10712,名詞,接尾,助数詞,*,*,*,口,くち,クチ
層,1300,1300,13301,名詞,接尾,助数詞,*,*,*,層,そう,ソー
夕,1298,1298,11122,名詞,接尾,一般,*,*,*,夕,ゆう,ユー
づきあい,1298,1298,9254,名詞,接尾,一般,*,*,*,づきあい,づきあい,ズキアイ
食い,1298,1298,8467,名詞,接尾,一般,*,*,*,食い,ぐい,グイ
わき,1298,1298,9927,名詞,接尾,一般,*,*,*,わき,わき,ワキ
そう,1301,1301,5132,名詞,接尾,助動詞語幹,*,*,*,そう,そう,ソー
炎,1298,1298,6249,名詞,接尾,一般,*,*,*,炎,えん,エン
ギガ,1300,1300,9124,名詞,接尾,助数詞,*,*,*,ギガ,ぎが,ギガ
団,1298,1298,7007,名詞,接尾,一般,*,*,*,団,だん,ダン
番地,1300,1300,9872,名詞,接尾,助数詞,*,*,*,番地,ばんち,バンチ
づくし,1298,1298,9253,名詞,接尾,一般,*,*,*,づくし,づくし,ズクシ
ふう,1298,1298,8913,名詞,接尾,一般,*,*,*,ふう,ふう,フー
ｃａｌ,1300,1300,13778,名詞,接尾,助数詞,*,*,*,ｃａｌ,かろりー,カロリー
メガヘルツ,1300,1300,8632,名詞,接尾,助数詞,*,*,*,メガヘルツ,めがへるつ,メガヘルツ
上,1298,1298,12108,名詞,接尾,一般,*,*,*,上,うえ,ウエ
ヵ月,1300,1300,9039,名詞,接尾,助数詞,*,*,*,ヵ月,かげつ,カゲツ
年生,1300,1300,9437,名詞,接尾,助数詞,*,*,*,年生,ねんせい,ネンセイ
畳,1300,1300,10018,名詞,接尾,助数詞,*,*,*,畳,じょう,ジョー
糖,1298,1298,8899,名詞,接尾,一般,*,*,*,糖,とう,トー
Ｒ,1300,1300,14201,名詞,接尾,助数詞,*,*,*,Ｒ,らうんど,ラウンド
Ｒ,1300,1300,15569,名詞,接尾,助数詞,*,*,*,Ｒ,あーる,アール
げんか,1298,1298,9248,名詞,接尾,一般,*,*,*,げんか,げんか,ゲンカ
グァラニ,1300,1300,8698,名詞,接尾,助数詞,*,*,*,グァラニ,ぐぁらに,グァラニ
皮,1298,1298,9958,名詞,接尾,一般,*,*,*,皮,がわ,ガワ
郡,1303,1303,7647,名詞,接尾,地域,*,*,*,郡,ぐん,グン
方,1300,1300,12787,名詞,接尾,助数詞,*,*,*,方,ぽう,ポー
方,1300,1300,14228,名詞,接尾,助数詞,*,*,*,方,ほう,ホー
柱,1300,1300,9886,名詞,接尾,助数詞,*,*,*,柱,はしら,ハシラ
掴み,1300,1300,9911,名詞,接尾,助数詞,*,*,*,掴み,つかみ,ツカミ
川,1303,1303,11133,名詞,接尾,地域,*,*,*,川,がわ,ガワ
川,1303,1303,13700,名詞,接尾,地域,*,*,*,川,かわ,カワ
カ所,1300,1300,10472,名詞,接尾,助数詞,*,*,*,カ所,かしょ,カショ
以来,1305,1305,12097,名詞,接尾,副詞可能,*,*,*,以来,いらい,イライ
ダース,1300,1300,8698,名詞,接尾,助数詞,*,*,*,ダース,だーす,ダース
勝,1297,1297,10098,名詞,接尾,サ変接続,*,*,*,勝,しょう,ショー
分,1305,1305,12234,名詞,接尾,副詞可能,*,*,*,分,ふん,フン
次第,1305,1305,13796,名詞,接尾,副詞可能,*,*,*,次第,しだい,シダイ
半,1298,1298,12657,名詞,接尾,一般,*,*,*,半,はん,ハン
ばなし,1298,1298,9420,名詞,接尾,一般,*,*,*,ばなし,ばなし,バナシ
枚,1300,1300,10090,名詞,接尾,助数詞,*,*,*,枚,まい,マイ
シリーズ,1298,1298,9899,名詞,接尾,一般,*,*,*,シリーズ,しりーず,シリーズ
もれ,1298,1298,9232,名詞,接尾,一般,*,*,*,もれ,もれ,モレ
ミリボルト,1300,1300,8698,名詞,接尾,助数詞,*,*,*,ミリボルト,みりぼると,ミリボルト
人組,1300,1300,9487,名詞,接尾,助数詞,*,*,*,人組,にんぐみ,ニングミ
棹,1300,1300,9872,名詞,接尾,助数詞,*,*,*,棹,さお,サオ
揃,1300,1300,9874,名詞,接尾,助数詞,*,*,*,揃,そろい,ソロイ
舞,1298,1298,9010,名詞,接尾,一般,*,*,*,舞,まい,マイ
Å,1300,1300,9037,名詞,接尾,助数詞,*,*,*,Å,おんぐすとろーむ,オングストローム
期生,1300,1300,11564,名詞,接尾,助数詞,*,*,*,期生,きせい,キセー
メガバイト,1300,1300,8698,名詞,接尾,助数詞,*,*,*,メガバイト,めがばいと,メガバイト
ｋｗ,1300,1300,13670,名詞,接尾,助数詞,*,*,*,ｋｗ,きろわっと,キロワット
マイクロ,1300,1300,9127,名詞,接尾,助数詞,*,*,*,マイクロ,まいくろ,マイクロ
視,1297,1297,7333,名詞,接尾,サ変接続,*,*,*,視,し,シ
魚,1298,1298,6944,名詞,接尾,一般,*,*,*,魚,ぎょ,ギョ
ｋリットル,1300,1300,13674,名詞,接尾,助数詞,*,*,*,ｋリットル,きろりっとる,キロリットル
班,1300,1300,11214,名詞,接尾,助数詞,*,*,*,班,はん,ハン
減らし,1298,1298,9322,名詞,接尾,一般,*,*,*,減らし,へらし,ヘラシ
減らし,1298,1298,9897,名詞,接尾,一般,*,*,*,減らし,べらし,ベラシ
浬,1300,1300,9872,名詞,接尾,助数詞,*,*,*,浬,かいり,カイリ
庫,1298,1298,9824,名詞,接尾,一般,*,*,*,庫,こ,コ
戸,1300,1300,10391,名詞,接尾,助数詞,*,*,*,戸,こ,コ
ごろ,1305,1305,4752,名詞,接尾,副詞可能,*,*,*,ごろ,ごろ,ゴロ
クローナ,1300,1300,8697,名詞,接尾,助数詞,*,*,*,クローナ,くろーな,クローナ
樽,1300,1300,9980,名詞,接尾,助数詞,*,*,*,樽,たる,タル
産,1303,1303,8439,名詞,接尾,地域,*,*,*,産,さん,サン
どおり,1298,1298,8546,名詞,接尾,一般,*,*,*,どおり,どおり,ドーリ
ビート,1300,1300,9068,名詞,接尾,助数詞,*,*,*,ビート,びーと,ビート
期,1300,1300,9687,名詞,接尾,助数詞,*,*,*,期,き,キ
等地,1300,1300,9971,名詞,接尾,助数詞,*,*,*,等地,とうち,トーチ
集,1298,1298,10176,名詞,接尾,一般,*,*,*,集,しゅう,シュー
ｍＶ,1300,1300,13714,名詞,接尾,助数詞,*,*,*,ｍＶ,みりぼると,ミリボルト
ルピー,1300,1300,8520,名詞,接尾,助数詞,*,*,*,ルピー,るぴー,ルピー
丁目,1300,1300,9481,名詞,接尾,助数詞,*,*,*,丁目,ちょうめ,チョーメ
限,1298,1298,9500,名詞,接尾,一般,*,*,*,限,げん,ゲン
ｌ,1300,1300,13768,名詞,接尾,助数詞,*,*,*,ｌ,りっとる,リットル
頼み,1298,1298,10521,名詞,接尾,一般,*,*,*,頼み,だのみ,ダノミ
義,1300,1300,12211,名詞,接尾,助数詞,*,*,*,義,ぎ,ギ
エーカー,1300,1300,8698,名詞,接尾,助数詞,*,*,*,エーカー,えーかー,エーカー
畑,1298,1298,12130,名詞,接尾,一般,*,*,*,畑,ばたけ,バタケ
映り,1298,1298,8311,名詞,接尾,一般,*,*,*,映り,うつり,ウツリ
時間,1300,1300,7140,名詞,接尾,助数詞,*,*,*,時間,じかん,ジカン
刊,1298,1298,10936,名詞,接尾,一般,*,*,*,刊,かん,カン
等分,1300,1300,10666,名詞,接尾,助数詞,*,*,*,等分,とうぶん,トーブン
番目,1300,1300,8944,名詞,接尾,助数詞,*,*,*,番目,ばんめ,バンメ
交じり,1298,1298,8226,名詞,接尾,一般,*,*,*,交じり,まじり,マジリ
代,1300,1300,11250,名詞,接尾,助数詞,*,*,*,代,だい,ダイ
禍,1298,1298,8011,名詞,接尾,一般,*,*,*,禍,か,カ
大,1298,1298,9940,名詞,接尾,一般,*,*,*,大,だい,ダイ
集,1300,1300,12139,名詞,接尾,助数詞,*,*,*,集,しゅう,シュー
塁,1300,1300,15048,名詞,接尾,助数詞,*,*,*,塁,るい,ルイ
リアル,1300,1300,9194,名詞,接尾,助数詞,*,*,*,リアル,りある,リアル
ずくめ,1298,1298,9252,名詞,接尾,一般,*,*,*,ずくめ,ずくめ,ズクメ
波,1298,1298,9850,名詞,接尾,一般,*,*,*,波,は,ハ
段,1300,1300,10924,名詞,接尾,助数詞,*,*,*,段,だん,ダン
遊び,1298,1298,9860,名詞,接尾,一般,*,*,*,遊び,あそび,アソビ
時,1300,1300,9091,名詞,接尾,助数詞,*,*,*,時,じ,ジ
戦,1298,1298,9795,名詞,接尾,一般,*,*,*,戦,せん,セン
ケ村,1300,1300,8698,名詞,接尾,助数詞,*,*,*,ケ村,かそん,カソン
癖,1298,1298,9903,名詞,接尾,一般,*,*,*,癖,へき,ヘキ
ごころ,1298,1298,9281,名詞,接尾,一般,*,*,*,ごころ,ごころ,ゴコロ
式,1300,1300,13026,名詞,接尾,助数詞,*,*,*,式,しき,シキ
や,1298,1298,13666,名詞,接尾,一般,*,*,*,や,や,ヤ
ペセタ,1300,1300,8678,名詞,接尾,助数詞,*,*,*,ペセタ,ぺせた,ペセタ
たび,1300,1300,13454,名詞,接尾,助数詞,*,*,*,たび,たび,タビ
以内,1298,1298,12240,名詞,接尾,一般,*,*,*,以内,いない,イナイ
かげん,1298,1298,8710,名詞,接尾,一般,*,*,*,かげん,かげん,カゲン
圏,1298,1298,7105,名詞,接尾,一般,*,*,*,圏,けん,ケン
シーズン,1300,1300,10946,名詞,接尾,助数詞,*,*,*,シーズン,しーずん,シーズン
インチ,1300,1300,8507,名詞,接尾,助数詞,*,*,*,インチ,いんち,インチ
そう,1300,1300,10980,名詞,接尾,助数詞,*,*,*,そう,そう,ソー
つ折,1300,1300,12167,名詞,接尾,助数詞,*,*,*,つ折,つおり,ツオリ
タッチ,1298,1298,10448,名詞,接尾,一般,*,*,*,タッチ,たっち,タッチ
以北,1298,1298,8995,名詞,接尾,一般,*,*,*,以北,いほく,イホク
め,1298,1298,9672,名詞,接尾,一般,*,*,*,め,め,メ
鏡,1298,1298,7458,名詞,接尾,一般,*,*,*,鏡,きょう,キョー
サマ,1302,1302,6441,名詞,接尾,人名,*,*,*,サマ,さま,サマ
色,1300,1300,11509,名詞,接尾,助数詞,*,*,*,色,しょく,ショク
シーシー,1300,1300,9499,名詞,接尾,助数詞,*,*,*,シーシー,しーしー,シーシー
印,1298,1298,10799,名詞,接尾,一般,*,*,*,印,じるし,ジルシ
印,1298,1298,10394,名詞,接尾,一般,*,*,*,印,いん,イン
方,1298,1298,10450,名詞,接尾,一般,*,*,*,方,かた,カタ
方,1298,1298,10732,名詞,接尾,一般,*,*,*,方,がた,ガタ
個条,1300,1300,9872,名詞,接尾,助数詞,*,*,*,個条,かじょう,カジョー
差,1300,1300,11158,名詞,接尾,助数詞,*,*,*,差,さ,サ
流,1298,1298,9337,名詞,接尾,一般,*,*,*,流,りゅう,リュー
領,1298,1298,9483,名詞,接尾,一般,*,*,*,領,りょう,リョー
忌,1298,1298,8868,名詞,接尾,一般,*,*,*,忌,き,キ
寄せ,1298,1298,8264,名詞,接尾,一般,*,*,*,寄せ,よせ,ヨセ
時,1305,1305,7825,名詞,接尾,副詞可能,*,*,*,時,じ,ジ
時,1305,1305,10754,名詞,接尾,副詞可能,*,*,*,時,どき,ドキ
時,1305,1305,12168,名詞,接尾,副詞可能,*,*,*,時,とき,トキ
商,1298,1298,10356,名詞,接尾,一般,*,*,*,商,しょう,ショー
粁,1300,1300,9872,名詞,接尾,助数詞,*,*,*,粁,きろめーとる,キロメートル
像,1298,1298,7732,名詞,接尾,一般,*,*,*,像,ぞう,ゾー
目,1300,1300,11471,名詞,接尾,助数詞,*,*,*,目,もく,モク
ミリグラム,1300,1300,8685,名詞,接尾,助数詞,*,*,*,ミリグラム,みりぐらむ,ミリグラム
玉,1300,1300,11105,名詞,接尾,助数詞,*,*,*,玉,たま,タマ
ｐａ,1300,1300,13715,名詞,接尾,助数詞,*,*,*,ｐａ,ぱすかる,パスカル
比,1298,1298,7464,名詞,接尾,一般,*,*,*,比,ひ,ヒ
重,1300,1300,10552,名詞,接尾,助数詞,*,*,*,重,じゅう,ジュー
人民元,1300,1300,9863,名詞,接尾,助数詞,*,*,*,人民元,じんみんげん,ジンミンゲン
前,1298,1298,16074,名詞,接尾,一般,*,*,*,前,ぜん,ゼン
費,1298,1298,9887,名詞,接尾,一般,*,*,*,費,ひ,ヒ
箇所,1300,1300,10045,名詞,接尾,助数詞,*,*,*,箇所,かしょ,カショ
項,1300,1300,12784,名詞,接尾,助数詞,*,*,*,項,こう,コー
平方キロ,1300,1300,9871,名詞,接尾,助数詞,*,*,*,平方キロ,へいほうきろ,ヘイホーキロ
役,1298,1298,9129,名詞,接尾,一般,*,*,*,役,やく,ヤク
越し,1298,1298,9437,名詞,接尾,一般,*,*,*,越し,ごし,ゴシ
デシベル,1300,1300,8698,名詞,接尾,助数詞,*,*,*,デシベル,でしべる,デシベル
超,1298,1298,10656,名詞,接尾,一般,*,*,*,超,ちょう,チョー
超,1298,1298,12763,名詞,接尾,一般,*,*,*,超,ごえ,ゴエ
たて,1298,1298,8222,名詞,接尾,一般,*,*,*,たて,たて,タテ
ヤード,1300,1300,8460,名詞,接尾,助数詞,*,*,*,ヤード,やーど,ヤード
か村,1300,1300,12167,名詞,接尾,助数詞,*,*,*,か村,かそん,カソン
パック,1300,1300,8697,名詞,接尾,助数詞,*,*,*,パック,ぱっく,パック
か年,1300,1300,12166,名詞,接尾,助数詞,*,*,*,か年,かねん,カネン
日間,1300,1300,7180,名詞,接尾,助数詞,*,*,*,日間,にちかん,ニチカン
日,1298,1298,7813,名詞,接尾,一般,*,*,*,日,び,ビ
日,1298,1298,9386,名詞,接尾,一般,*,*,*,日,にち,ニチ
ｃｍ,1300,1300,13714,名詞,接尾,助数詞,*,*,*,ｃｍ,せんちめーとる,センチメートル
階,1298,1298,7500,名詞,接尾,一般,*,*,*,階,かい,カイ
員,1298,1298,8327,名詞,接尾,一般,*,*,*,員,いん,イン
録,1298,1298,8733,名詞,接尾,一般,*,*,*,録,ろく,ロク
剤,1298,1298,10508,名詞,接尾,一般,*,*,*,剤,ざい,ザイ
帳,1298,1298,8766,名詞,接尾,一般,*,*,*,帳,ちょう,チョー
パーミル,1300,1300,8698,名詞,接尾,助数詞,*,*,*,パーミル,ぱーみる,パーミル
ｆｅｅｔ,1300,1300,13714,名詞,接尾,助数詞,*,*,*,ｆｅｅｔ,ふぃーと,フィート
匹,1300,1300,10094,名詞,接尾,助数詞,*,*,*,匹,ひき,ヒキ
仏,1298,1298,12242,名詞,接尾,一般,*,*,*,仏,ぼとけ,ボトケ
連れ,1298,1298,5552,名詞,接尾,一般,*,*,*,連れ,づれ,ズレ
すがら,1305,1305,8963,名詞,接尾,副詞可能,*,*,*,すがら,すがら,スガラ
式,1298,1298,8341,名詞,接尾,一般,*,*,*,式,しき,シキ
回生,1300,1300,9625,名詞,接尾,助数詞,*,*,*,回生,かいせい,カイセイ
帰り,1298,1298,8328,名詞,接尾,一般,*,*,*,帰り,がえり,ガエリ
調べ,1298,1298,10094,名詞,接尾,一般,*,*,*,調べ,しらべ,シラベ
玉,1298,1298,7790,名詞,接尾,一般,*,*,*,玉,だま,ダマ
秒,1300,1300,8993,名詞,接尾,助数詞,*,*,*,秒,びょう,ビョー
詠,1298,1298,8168,名詞,接尾,一般,*,*,*,詠,えい,エイ
しな,1298,1298,9954,名詞,接尾,一般,*,*,*,しな,しな,シナ
問,1300,1300,8678,名詞,接尾,助数詞,*,*,*,問,もん,モン
あたり,1305,1305,9557,名詞,接尾,副詞可能,*,*,*,あたり,あたり,アタリ
キロリットル,1300,1300,8337,名詞,接尾,助数詞,*,*,*,キロリットル,きろりっとる,キロリットル
女,1300,1300,11742,名詞,接尾,助数詞,*,*,*,女,じょ,ジョ
角,1298,1298,9978,名詞,接尾,一般,*,*,*,角,かく,カク
隊,1298,1298,9346,名詞,接尾,一般,*,*,*,隊,たい,タイ
辺り,1305,1305,8490,名詞,接尾,副詞可能,*,*,*,辺り,あたり,アタリ
酒,1298,1298,8048,名詞,接尾,一般,*,*,*,酒,しゅ,シュ
酒,1298,1298,10356,名詞,接尾,一般,*,*,*,酒,ざけ,ザケ
とも,1298,1298,9796,名詞,接尾,一般,*,*,*,とも,とも,トモ
元,1298,1298,11638,名詞,接尾,一般,*,*,*,元,もと,モト
ヶ国,1300,1300,8619,名詞,接尾,助数詞,*,*,*,ヶ国,かこく,カコク
種,1298,1298,9964,名詞,接尾,一般,*,*,*,種,しゅ,シュ
柄,1298,1298,8485,名詞,接尾,一般,*,*,*,柄,がら,ガラ
セット,1300,1300,6454,名詞,接尾,助数詞,*,*,*,セット,せっと,セット
週間,1300,1300,9085,名詞,接尾,助数詞,*,*,*,週間,しゅうかん,シューカン
里,1300,1300,13424,名詞,接尾,助数詞,*,*,*,里,り,リ
ｍｏｌ,1300,1300,13714,名詞,接尾,助数詞,*,*,*,ｍｏｌ,もる,モル
貫,1300,1300,12670,名詞,接尾,助数詞,*,*,*,貫,かん,カン
切り,1298,1298,8907,名詞,接尾,一般,*,*,*,切り,ぎり,ギリ
切り,1298,1298,9995,名詞,接尾,一般,*,*,*,切り,きり,キリ
発,1298,1298,8870,名詞,接尾,一般,*,*,*,発,はつ,ハツ
発,1298,1298,13046,名詞,接尾,一般,*,*,*,発,ぱつ,パツ
理,1298,1298,13590,名詞,接尾,一般,*,*,*,理,り,リ
年版,1300,1300,10722,名詞,接尾,助数詞,*,*,*,年版,ねんばん,ネンバン
細工,1298,1298,8231,名詞,接尾,一般,*,*,*,細工,ざいく,ザイク
勢,1298,1298,10290,名詞,接尾,一般,*,*,*,勢,ぜい,ゼイ
話,1300,1300,11780,名詞,接尾,助数詞,*,*,*,話,わ,ワ
ヶ年,1300,1300,8698,名詞,接尾,助数詞,*,*,*,ヶ年,かねん,カネン
びらき,1298,1298,9268,名詞,接尾,一般,*,*,*,びらき,びらき,ビラキ
浴,1298,1298,9298,名詞,接尾,一般,*,*,*,浴,よく,ヨク
人前,1300,1300,10452,名詞,接尾,助数詞,*,*,*,人前,にんまえ,ニンマエ
クン,1302,1302,6426,名詞,接尾,人名,*,*,*,クン,くん,クン
連,1300,1300,15475,名詞,接尾,助数詞,*,*,*,連,れん,レン
ピーピーエム,1300,1300,8695,名詞,接尾,助数詞,*,*,*,ピーピーエム,ぴーぴーえむ,ピーピーエム
票,1300,1300,10601,名詞,接尾,助数詞,*,*,*,票,ひょう,ヒョー
混じり,1298,1298,8230,名詞,接尾,一般,*,*,*,混じり,まじり,マジリ
家,1298,1298,8144,名詞,接尾,一般,*,*,*,家,か,カ
家,1298,1298,10204,名詞,接尾,一般,*,*,*,家,け,ケ
杯,1300,1300,9734,名詞,接尾,助数詞,*,*,*,杯,はい,ハイ
マレーシアドル,1300,1300,8696,名詞,接尾,助数詞,*,*,*,マレーシアドル,まれーしあどる,マレーシアドル
円,1300,1300,8017,名詞,接尾,助数詞,*,*,*,円,えん,エン
堂,1298,1298,10753,名詞,接尾,一般,*,*,*,堂,どう,ドー
坂,1298,1298,7449,名詞,接尾,一般,*,*,*,坂,ざか,ザカ
ぴき,1300,1300,12167,名詞,接尾,助数詞,*,*,*,ぴき,ぴき,ピキ
頃,1305,1305,8540,名詞,接尾,副詞可能,*,*,*,頃,ごろ,ゴロ
冊,1300,1300,9206,名詞,接尾,助数詞,*,*,*,冊,さつ,サツ
ルピア,1300,1300,8698,名詞,接尾,助数詞,*,*,*,ルピア,るぴあ,ルピア
児,1300,1300,10876,名詞,接尾,助数詞,*,*,*,児,じ,ジ
ｗ,1300,1300,13811,名詞,接尾,助数詞,*,*,*,ｗ,わっと,ワット
売り,1298,1298,14920,名詞,接尾,一般,*,*,*,売り,うり,ウリ
はだし,1298,1298,9319,名詞,接尾,一般,*,*,*,はだし,はだし,ハダシ
兵,1298,1298,9019,名詞,接尾,一般,*,*,*,兵,へい,ヘイ
機,1298,1298,8709,名詞,接尾,一般,*,*,*,機,き,キ
コース,1300,1300,10325,名詞,接尾,助数詞,*,*,*,コース,こーす,コース
ボリバル,1300,1300,8698,名詞,接尾,助数詞,*,*,*,ボリバル,ぼりばる,ボリバル
話,1297,1297,9424,名詞,接尾,サ変接続,*,*,*,話,ばなし,バナシ
斗,1300,1300,10476,名詞,接尾,助数詞,*,*,*,斗,と,ト
ペンス,1300,1300,8698,名詞,接尾,助数詞,*,*,*,ペンス,ぺんす,ペンス
とり,1298,1298,11026,名詞,接尾,一般,*,*,*,とり,とり,トリ
ぞろい,1298,1298,9256,名詞,接尾,一般,*,*,*,ぞろい,ぞろい,ゾロイ
すじ,1300,1300,13264,名詞,接尾,助数詞,*,*,*,すじ,すじ,スジ
勝ち,1298,1298,6290,名詞,接尾,一般,*,*,*,勝ち,がち,ガチ
箇年,1300,1300,9872,名詞,接尾,助数詞,*,*,*,箇年,かねん,カネン
たて,1304,1304,9957,名詞,接尾,特殊,*,*,*,たて,たて,タテ
モード,1300,1300,9224,名詞,接尾,助数詞,*,*,*,モード,もーど,モード
ぶり,1298,1298,7451,名詞,接尾,一般,*,*,*,ぶり,ぶり,ブリ
ｍＡ,1300,1300,13714,名詞,接尾,助数詞,*,*,*,ｍＡ,みりあんぺあ,ミリアンペア
アンダー,1300,1300,7299,名詞,接尾,助数詞,*,*,*,アンダー,あんだー,アンダー
ｍｇ,1300,1300,13713,名詞,接尾,助数詞,*,*,*,ｍｇ,みりぐらむ,ミリグラム
針,1300,1300,10821,名詞,接尾,助数詞,*,*,*,針,はり,ハリ
頁,1300,1300,9871,名詞,接尾,助数詞,*,*,*,頁,ぺーじ,ページ
づくり,1298,1298,9075,名詞,接尾,一般,*,*,*,づくり,づくり,ズクリ
とせ,1300,1300,12147,名詞,接尾,助数詞,*,*,*,とせ,とせ,トセ
表,1298,1298,9477,名詞,接尾,一般,*,*,*,表,ひょう,ヒョー
ミリワット,1300,1300,8698,名詞,接尾,助数詞,*,*,*,ミリワット,みりわっと,ミリワット
後,1305,1305,5942,名詞,接尾,副詞可能,*,*,*,後,ご,ゴ
後,1305,1305,9662,名詞,接尾,副詞可能,*,*,*,後,のち,ノチ
地,1298,1298,9183,名詞,接尾,一般,*,*,*,地,ち,チ
ミリリットル,1300,1300,8579,名詞,接尾,助数詞,*,*,*,ミリリットル,みりりっとる,ミリリットル
星,1298,1298,9670,名詞,接尾,一般,*,*,*,星,ぼし,ボシ
換わり,1298,1298,8374,名詞,接尾,一般,*,*,*,換わり,がわり,ガワリ
調,1298,1298,10354,名詞,接尾,一般,*,*,*,調,ちょう,チョー
形,1298,1298,9249,名詞,接尾,一般,*,*,*,形,がた,ガタ
形,1298,1298,11340,名詞,接尾,一般,*,*,*,形,けい,ケイ
放題,1298,1298,7194,名詞,接尾,一般,*,*,*,放題,ほうだい,ホーダイ
手,1300,1300,10828,名詞,接尾,助数詞,*,*,*,手,て,テ
卒,1298,1298,6371,名詞,接尾,一般,*,*,*,卒,そつ,ソツ
外,1298,1298,8945,名詞,接尾,一般,*,*,*,外,がい,ガイ
巡り,1298,1298,9164,名詞,接尾,一般,*,*,*,巡り,めぐり,メグリ
橋,1298,1298,8071,名詞,接尾,一般,*,*,*,橋,きょう,キョー
橋,1298,1298,9851,名詞,接尾,一般,*,*,*,橋,ばし,バシ
車,1298,1298,8706,名詞,接尾,一般,*,*,*,車,しゃ,シャ
車,1298,1298,12631,名詞,接尾,一般,*,*,*,車,くるま,クルマ
市,1303,1303,8147,名詞,接尾,地域,*,*,*,市,し,シ
市,1303,1303,14123,名詞,接尾,地域,*,*,*,市,いち,イチ
判,1300,1300,11208,名詞,接尾,助数詞,*,*,*,判,ばん,バン
キロワット,1300,1300,8297,名詞,接尾,助数詞,*,*,*,キロワット,きろわっと,キロワット
度,1298,1298,10969,名詞,接尾,一般,*,*,*,度,ど,ド
ノット,1300,1300,8732,名詞,接尾,助数詞,*,*,*,ノット,のっと,ノット
平米,1300,1300,9872,名詞,接尾,助数詞,*,*,*,平米,へいべい,ヘーベー
隠し,1298,1298,10538,名詞,接尾,一般,*,*,*,隠し,かくし,カクシ
おき,1298,1298,9508,名詞,接尾,一般,*,*,*,おき,おき,オキ
ぐらし,1298,1298,9507,名詞,接尾,一般,*,*,*,ぐらし,ぐらし,グラシ
たち,1298,1298,6095,名詞,接尾,一般,*,*,*,たち,たち,タチ
どの,1302,1302,8692,名詞,接尾,人名,*,*,*,どの,どの,ドノ
ｋワット,1300,1300,13670,名詞,接尾,助数詞,*,*,*,ｋワット,きろわっと,キロワット
ずつ,1298,1298,10875,名詞,接尾,一般,*,*,*,ずつ,ずつ,ズツ
業,1298,1298,9177,名詞,接尾,一般,*,*,*,業,ぎょう,ギョー
業,1298,1298,14411,名詞,接尾,一般,*,*,*,業,ごう,ゴー
株,1300,1300,11636,名詞,接尾,助数詞,*,*,*,株,かぶ,カブ
暦,1298,1298,8471,名詞,接尾,一般,*,*,*,暦,れき,レキ
晩,1300,1300,9393,名詞,接尾,助数詞,*,*,*,晩,ばん,バン
質,1298,1298,10327,名詞,接尾,一般,*,*,*,質,しつ,シツ
家,1300,1300,12277,名詞,接尾,助数詞,*,*,*,家,いえ,イエ
筆,1300,1300,10620,名詞,接尾,助数詞,*,*,*,筆,ぴつ,ピツ
料,1298,1298,8501,名詞,接尾,一般,*,*,*,料,りょう,リョー
杯,1298,1298,6825,名詞,接尾,一般,*,*,*,杯,はい,ハイ
どころ,1298,1298,10819,名詞,接尾,一般,*,*,*,どころ,どころ,ドコロ
部,1298,1298,9405,名詞,接尾,一般,*,*,*,部,ぶ,ブ
シート,1300,1300,7978,名詞,接尾,助数詞,*,*,*,シート,しーと,シート
国,1298,1298,9215,名詞,接尾,一般,*,*,*,国,こく,コク
なし,1298,1298,14474,名詞,接尾,一般,*,*,*,なし,なし,ナシ
フラン,1300,1300,8777,名詞,接尾,助数詞,*,*,*,フラン,ふらん,フラン
筒,1298,1298,8447,名詞,接尾,一般,*,*,*,筒,とう,トー
メガサイクル,1300,1300,8698,名詞,接尾,助数詞,*,*,*,メガサイクル,めがさいくる,メガサイクル
ならでは,1298,1298,9951,名詞,接尾,一般,*,*,*,ならでは,ならでは,ナラデワ
子,1300,1300,12625,名詞,接尾,助数詞,*,*,*,子,し,シ
ずし,1298,1298,9267,名詞,接尾,一般,*,*,*,ずし,ずし,ズシ
屋,1298,1298,8807,名詞,接尾,一般,*,*,*,屋,や,ヤ
気圧,1300,1300,10311,名詞,接尾,助数詞,*,*,*,気圧,きあつ,キアツ
側,1298,1298,6703,名詞,接尾,一般,*,*,*,側,がわ,ガワ
側,1298,1298,13704,名詞,接尾,一般,*,*,*,側,かわ,カワ
棟,1300,1300,7914,名詞,接尾,助数詞,*,*,*,棟,むね,ムネ
棟,1300,1300,10644,名詞,接尾,助数詞,*,*,*,棟,とう,トー
度,1300,1300,8839,名詞,接尾,助数詞,*,*,*,度,ど,ド
顔,1298,1298,7731,名詞,接尾,一般,*,*,*,顔,がお,ガオ
顔,1298,1298,10175,名詞,接尾,一般,*,*,*,顔,かお,カオ
ちゃーん,1302,1302,7695,名詞,接尾,人名,*,*,*,ちゃーん,ちゃーん,チャーン
寄り,1298,1298,9132,名詞,接尾,一般,*,*,*,寄り,より,ヨリ
電,1298,1298,9739,名詞,接尾,一般,*,*,*,電,でん,デン
君,1302,1302,5809,名詞,接尾,人名,*,*,*,君,くん,クン
マイクロメートル,1300,1300,8698,名詞,接尾,助数詞,*,*,*,マイクロメートル,まいくろめーとる,マイクロメートル
分ノ,1300,1300,9678,名詞,接尾,助数詞,*,*,*,分ノ,ぶんの,ブンノ
灯,1298,1298,7002,名詞,接尾,一般,*,*,*,灯,とう,トー
騎,1300,1300,11009,名詞,接尾,助数詞,*,*,*,騎,き,キ
粒,1298,1298,7764,名詞,接尾,一般,*,*,*,粒,つぶ,ツブ
新,1298,1298,12011,名詞,接尾,一般,*,*,*,新,しん,シン
委,1298,1298,11714,名詞,接尾,一般,*,*,*,委,い,イ
番線,1300,1300,9601,名詞,接尾,助数詞,*,*,*,番線,ばんせん,バンセン
種,1300,1300,12042,名詞,接尾,助数詞,*,*,*,種,しゅ,シュ
缶,1300,1300,10991,名詞,接尾,助数詞,*,*,*,缶,かん,カン
蒸し,1298,1298,10129,名詞,接尾,一般,*,*,*,蒸し,むし,ムシ
節,1298,1298,9556,名詞,接尾,一般,*,*,*,節,ぶし,ブシ
ポンド,1300,1300,8547,名詞,接尾,助数詞,*,*,*,ポンド,ぽんど,ポンド
把,1300,1300,10043,名詞,接尾,助数詞,*,*,*,把,わ,ワ
み,1304,1304,14521,名詞,接尾,特殊,*,*,*,み,み,ミ
座,1298,1298,11538,名詞,接尾,一般,*,*,*,座,ざ,ザ
ｍｍ,1300,1300,13715,名詞,接尾,助数詞,*,*,*,ｍｍ,みりめーとる,ミリメートル
カ年,1300,1300,8698,名詞,接尾,助数詞,*,*,*,カ年,かねん,カネン
積み,1298,1298,8873,名詞,接尾,一般,*,*,*,積み,づみ,ズミ
月,1298,1298,14894,名詞,接尾,一般,*,*,*,月,がつ,ガツ
ヵ所,1300,1300,8879,名詞,接尾,助数詞,*,*,*,ヵ所,かしょ,カショ
キロカロリー,1300,1300,8115,名詞,接尾,助数詞,*,*,*,キロカロリー,きろかろりー,キロカロリー
苦,1298,1298,8941,名詞,接尾,一般,*,*,*,苦,く,ク
殺し,1298,1298,9944,名詞,接尾,一般,*,*,*,殺し,ごろし,ゴロシ
舎,1298,1298,8991,名詞,接尾,一般,*,*,*,舎,しゃ,シャ
関,1298,1298,11380,名詞,接尾,一般,*,*,*,関,せき,セキ
升,1300,1300,11756,名詞,接尾,助数詞,*,*,*,升,しょう,ショー
等,1300,1300,12207,名詞,接尾,助数詞,*,*,*,等,とう,トー
層,1298,1298,10884,名詞,接尾,一般,*,*,*,層,そう,ソー
凧,1298,1298,8372,名詞,接尾,一般,*,*,*,凧,だこ,ダコ
立て,1298,1298,7647,名詞,接尾,一般,*,*,*,立て,だて,ダテ
立て,1298,1298,9449,名詞,接尾,一般,*,*,*,立て,たて,タテ
波,1300,1300,11337,名詞,接尾,助数詞,*,*,*,波,は,ハ
雪,1298,1298,10607,名詞,接尾,一般,*,*,*,雪,せつ,セツ
件,1300,1300,7984,名詞,接尾,助数詞,*,*,*,件,けん,ケン
ワット,1300,1300,9190,名詞,接尾,助数詞,*,*,*,ワット,わっと,ワット
ランド,1300,1300,9118,名詞,接尾,助数詞,*,*,*,ランド,らんど,ランド
等席,1300,1300,9862,名詞,接尾,助数詞,*,*,*,等席,とうせき,トーセキ
オクターブ,1300,1300,8698,名詞,接尾,助数詞,*,*,*,オクターブ,おくたーぶ,オクターブ
懇,1298,1298,9003,名詞,接尾,一般,*,*,*,懇,こん,コン
過ぎ,1305,1305,8988,名詞,接尾,副詞可能,*,*,*,過ぎ,すぎ,スギ
願,1298,1298,8234,名詞,接尾,一般,*,*,*,願,ねがい,ネガイ
願,1298,1298,10144,名詞,接尾,一般,*,*,*,願,がん,ガン
届,1298,1298,7550,名詞,接尾,一般,*,*,*,届,とどけ,トドケ
ぐるみ,1298,1298,9264,名詞,接尾,一般,*,*,*,ぐるみ,ぐるみ,グルミ
灯,1300,1300,9203,名詞,接尾,助数詞,*,*,*,灯,とう,トー
ヘクタール,1300,1300,8686,名詞,接尾,助数詞,*,*,*,ヘクタール,へくたーる,ヘクタール
囚,1298,1298,6673,名詞,接尾,一般,*,*,*,囚,しゅう,シュー
隻,1300,1300,10042,名詞,接尾,助数詞,*,*,*,隻,せき,セキ
ミリメートル,1300,1300,8698,名詞,接尾,助数詞,*,*,*,ミリメートル,みりめーとる,ミリメートル
愛,1298,1298,9458,名詞,接尾,一般,*,*,*,愛,あい,アイ
無し,1298,1298,7739,名詞,接尾,一般,*,*,*,無し,なし,ナシ
ごい,1298,1298,9300,名詞,接尾,一般,*,*,*,ごい,ごい,ゴイ
勝,1298,1298,11410,名詞,接尾,一般,*,*,*,勝,しょう,ショー
会,1298,1298,7354,名詞,接尾,一般,*,*,*,会,かい,カイ
節,1300,1300,11275,名詞,接尾,助数詞,*,*,*,節,せつ,セツ
はん,1302,1302,8704,名詞,接尾,人名,*,*,*,はん,はん,ハン
ｋグラム,1300,1300,13709,名詞,接尾,助数詞,*,*,*,ｋグラム,きろぐらむ,キログラム
級,1298,1298,8040,名詞,接尾,一般,*,*,*,級,きゅう,キュー
ｄｌ,1300,1300,13714,名詞,接尾,助数詞,*,*,*,ｄｌ,でしりっとる,デシリットル
ギルダー,1300,1300,8698,名詞,接尾,助数詞,*,*,*,ギルダー,ぎるだー,ギルダー
進,1300,1300,10920,名詞,接尾,助数詞,*,*,*,進,しん,シン
ペア,1300,1300,9211,名詞,接尾,助数詞,*,*,*,ペア,ぺあ,ペア
回り,1300,1300,10998,名詞,接尾,助数詞,*,*,*,回り,まわり,マワリ
ケ条,1300,1300,8698,名詞,接尾,助数詞,*,*,*,ケ条,かじょう,カジョー
ばやし,1298,1298,9254,名詞,接尾,一般,*,*,*,ばやし,ばやし,バヤシ
ぜん,1300,1300,13162,名詞,接尾,助数詞,*,*,*,ぜん,ぜん,ゼン
池,1298,1298,9751,名詞,接尾,一般,*,*,*,池,ち,チ
乗,1300,1300,10780,名詞,接尾,助数詞,*,*,*,乗,じょう,ジョー
べり,1298,1298,8432,名詞,接尾,一般,*,*,*,べり,べり,ベリ
差し,1300,1300,10338,名詞,接尾,助数詞,*,*,*,差し,さし,サシ
尺,1300,1300,9519,名詞,接尾,助数詞,*,*,*,尺,しゃく,シャク
区,1303,1303,9313,名詞,接尾,地域,*,*,*,区,く,ク
ａ,1300,1300,15793,名詞,接尾,助数詞,*,*,*,ａ,あーる,アール
歳児,1300,1300,9780,名詞,接尾,助数詞,*,*,*,歳児,さいじ,サイジ
艦,1298,1298,8115,名詞,接尾,一般,*,*,*,艦,かん,カン
つがい,1300,1300,13380,名詞,接尾,助数詞,*,*,*,つがい,つがい,ツガイ
ヵ国,1300,1300,8619,名詞,接尾,助数詞,*,*,*,ヵ国,かこく,カコク
ケ月,1300,1300,9143,名詞,接尾,助数詞,*,*,*,ケ月,かげつ,カゲツ
片,1298,1298,9342,名詞,接尾,一般,*,*,*,片,へん,ヘン
力,1298,1298,9756,名詞,接尾,一般,*,*,*,力,りょく,リョク
ケ年,1300,1300,8698,名詞,接尾,助数詞,*,*,*,ケ年,かねん,カネン
号,1298,1298,5919,名詞,接尾,一般,*,*,*,号,ごう,ゴー
炉,1298,1298,5346,名詞,接尾,一般,*,*,*,炉,ろ,ロ
イニング,1300,1300,6683,名詞,接尾,助数詞,*,*,*,イニング,いにんぐ,イニング
平方センチメートル,1300,1300,9872,名詞,接尾,助数詞,*,*,*,平方センチメートル,へいほうせんちめーとる,ヘイホーセンチメートル
つかみ,1300,1300,12617,名詞,接尾,助数詞,*,*,*,つかみ,つかみ,ツカミ
来,1305,1305,9672,名詞,接尾,副詞可能,*,*,*,来,らい,ライ
回戦,1300,1300,4830,名詞,接尾,助数詞,*,*,*,回戦,かいせん,カイセン
ころ,1305,1305,11686,名詞,接尾,副詞可能,*,*,*,ころ,ころ,コロ
重ね,1300,1300,10129,名詞,接尾,助数詞,*,*,*,重ね,かさね,カサネ
弾,1300,1300,9807,名詞,接尾,助数詞,*,*,*,弾,だん,ダン
口,1298,1298,9360,名詞,接尾,一般,*,*,*,口,ぐち,グチ
口,1298,1298,9802,名詞,接尾,一般,*,*,*,口,こう,コー
口,1298,1298,10843,名詞,接尾,一般,*,*,*,口,くち,クチ
着,1300,1300,11420,名詞,接尾,助数詞,*,*,*,着,ちゃく,チャク
キュリー,1300,1300,8698,名詞,接尾,助数詞,*,*,*,キュリー,きゅりー,キュリー
っきり,1305,1305,9398,名詞,接尾,副詞可能,*,*,*,っきり,っきり,ッキリ
裏,1298,1298,10967,名詞,接尾,一般,*,*,*,裏,うら,ウラ
裏,1298,1298,11137,名詞,接尾,一般,*,*,*,裏,り,リ
キログラム,1300,1300,8644,名詞,接尾,助数詞,*,*,*,キログラム,きろぐらむ,キログラム
ヤール,1300,1300,8698,名詞,接尾,助数詞,*,*,*,ヤール,やーる,ヤール
校,1298,1298,9284,名詞,接尾,一般,*,*,*,校,こう,コー
宴,1298,1298,9022,名詞,接尾,一般,*,*,*,宴,えん,エン
脚,1300,1300,12184,名詞,接尾,助数詞,*,*,*,脚,きゃく,キャク
型,1298,1298,8753,名詞,接尾,一般,*,*,*,型,がた,ガタ
型,1298,1298,12678,名詞,接尾,一般,*,*,*,型,けい,ケイ
型,1298,1298,12962,名詞,接尾,一般,*,*,*,型,かた,カタ
位,1298,1298,8893,名詞,接尾,一般,*,*,*,位,い,イ
卓,1300,1300,9517,名詞,接尾,助数詞,*,*,*,卓,たく,タク
どまり,1298,1298,9455,名詞,接尾,一般,*,*,*,どまり,どまり,ドマリ
罪,1298,1298,8601,名詞,接尾,一般,*,*,*,罪,ざい,ザイ
躯,1300,1300,11177,名詞,接尾,助数詞,*,*,*,躯,く,ク
系,1298,1298,7687,名詞,接尾,一般,*,*,*,系,けい,ケイ
丁,1300,1300,10879,名詞,接尾,助数詞,*,*,*,丁,ちょう,チョー
回し,1298,1298,9224,名詞,接尾,一般,*,*,*,回し,まわし,マワシ
億,1300,1300,16549,名詞,接尾,助数詞,*,*,*,億,おく,オク
婦,1298,1298,8373,名詞,接尾,一般,*,*,*,婦,ふ,フ
板,1298,1298,10511,名詞,接尾,一般,*,*,*,板,ばん,バン
題,1300,1300,11229,名詞,接尾,助数詞,*,*,*,題,だい,ダイ
妃,1298,1298,5482,名詞,接尾,一般,*,*,*,妃,ひ,ヒ
社,1300,1300,9446,名詞,接尾,助数詞,*,*,*,社,しゃ,シャ
民,1298,1298,12414,名詞,接尾,一般,*,*,*,民,みん,ミン
事,1298,1298,10946,名詞,接尾,一般,*,*,*,事,ごと,ゴト
事,1298,1298,12348,名詞,接尾,一般,*,*,*,事,じ,ジ
ゾーン,1300,1300,7601,名詞,接尾,助数詞,*,*,*,ゾーン,ぞーん,ゾーン
すぎ,1298,1298,9308,名詞,接尾,一般,*,*,*,すぎ,すぎ,スギ
譲り,1298,1298,7866,名詞,接尾,一般,*,*,*,譲り,ゆずり,ユズリ
熱,1298,1298,7832,名詞,接尾,一般,*,*,*,熱,ねつ,ネツ
マルク,1300,1300,9022,名詞,接尾,助数詞,*,*,*,マルク,まるく,マルク
極,1300,1300,10831,名詞,接尾,助数詞,*,*,*,極,きょく,キョク
感,1298,1298,7034,名詞,接尾,一般,*,*,*,感,かん,カン
益,1298,1298,9269,名詞,接尾,一般,*,*,*,益,えき,エキ
出,1298,1298,10471,名詞,接尾,一般,*,*,*,出,で,デ
才,1300,1300,10682,名詞,接尾,助数詞,*,*,*,才,さい,サイ
液,1298,1298,9822,名詞,接尾,一般,*,*,*,液,えき,エキ
管,1298,1298,9651,名詞,接尾,一般,*,*,*,管,かん,カン
男,1300,1300,13430,名詞,接尾,助数詞,*,*,*,男,なん,ナン
台,1298,1298,9425,名詞,接尾,一般,*,*,*,台,だい,ダイ
流,1300,1300,13044,名詞,接尾,助数詞,*,*,*,流,りゅう,リュー
びき,1300,1300,12148,名詞,接尾,助数詞,*,*,*,びき,びき,ビキ
Ω,1300,1300,6562,名詞,接尾,助数詞,*,*,*,Ω,おーむ,オーム
氏,1302,1302,6681,名詞,接尾,人名,*,*,*,氏,し,シ
兄,1298,1298,9101,名詞,接尾,一般,*,*,*,兄,けい,ケイ
オングストローム,1300,1300,8698,名詞,接尾,助数詞,*,*,*,オングストローム,おんぐすとろーむ,オングストローム
症,1298,1298,10512,名詞,接尾,一般,*,*,*,症,しょう,ショー
かけ,1300,1300,13915,名詞,接尾,助数詞,*,*,*,かけ,かけ,カケ
足,1300,1300,13103,名詞,接尾,助数詞,*,*,*,足,そく,ソク
ヵ条,1300,1300,8698,名詞,接尾,助数詞,*,*,*,ヵ条,かじょう,カジョー
棟,1298,1298,7489,名詞,接尾,一般,*,*,*,棟,とう,トー
